action,work_area,organization,project,date,site_id,sampling_bout,survey,hakai_id,field_staff,gather_lat,gather_long,vessel,samples,quality_level,comments,quality_log
,CALVERT,HAKAI,MARINEGEO,2015-05-27,CHOKED_PASS_EDGE10,10,CHOKED_PASS,2015-05-27_CHOKED_PASS_EDGE10_10,,,,,,Raw,,
,CALVERT,HAKAI,MARINEGEO,2015-05-27,CHOKED_PASS_EDGE12,12,CHOKED_PASS,2015-05-27_CHOKED_PASS_EDGE12_12,,,,,,Raw,,
,CALVERT,HAKAI,MARINEGEO,2015-05-27,CHOKED_PASS_EDGE3,3,CHOKED_PASS,2015-05-27_CHOKED_PASS_EDGE3_3,,,,,,Raw,,
,CALVERT,HAKAI,MARINEGEO,2015-05-27,CHOKED_PASS_EDGE7,7,CHOKED_PASS,2015-05-27_CHOKED_PASS_EDGE7_7,,,,,,Raw,,
,CALVERT,HAKAI,MARINEGEO,2015-05-28,CHOKED_PASS_EDGE11,11,CHOKED_PASS,2015-05-28_CHOKED_PASS_EDGE11_11,,,,,,Raw,,
,CALVERT,HAKAI,MARINEGEO,2015-05-29,CHOKED_PASS_EDGE1,1,CHOKED_PASS,2015-05-29_CHOKED_PASS_EDGE1_1,,,,,,Raw,,
,CALVERT,HAKAI,MARINEGEO,2015-05-29,CHOKED_PASS_EDGE8,8,CHOKED_PASS,2015-05-29_CHOKED_PASS_EDGE8_8,,,,,,Raw,,
,CALVERT,HAKAI,MARINEGEO,2015-05-31,CHOKED_PASS_INTERIOR5,5,CHOKED_PASS,2015-05-31_CHOKED_PASS_INTERIOR5_5,,,,,,Raw,,
,CALVERT,HAKAI,MARINEGEO,2015-05-31,CHOKED_PASS_INTERIOR6,6,CHOKED_PASS,2015-05-31_CHOKED_PASS_INTERIOR6_6,,,,,,Raw,,
,CALVERT,HAKAI,MARINEGEO,2015-05-31,CHOKED_PASS_INTERIOR9,9,CHOKED_PASS,2015-05-31_CHOKED_PASS_INTERIOR9_9,,,,,,Raw,,
,CALVERT,HAKAI,MARINEGEO,2015-06-01,CHOKED_PASS_INTERIOR4,4,CHOKED_PASS,2015-06-01_CHOKED_PASS_INTERIOR4_4,,,,,,Raw,,
,CALVERT,HAKAI,MARINEGEO,2015-06-24,TRIQUET_BAY_EDGE1,1,TRIQUET_BAY,2015-06-24_TRIQUET_BAY_EDGE1_1,,,,,,Raw,,
,CALVERT,HAKAI,MARINEGEO,2015-06-24,TRIQUET_BAY_EDGE2,2,TRIQUET_BAY,2015-06-24_TRIQUET_BAY_EDGE2_2,,,,,,Raw,,
,CALVERT,HAKAI,MARINEGEO,2015-06-24,TRIQUET_BAY_EDGE3,3,TRIQUET_BAY,2015-06-24_TRIQUET_BAY_EDGE3_3,,,,,,Raw,,
,CALVERT,HAKAI,MARINEGEO,2015-06-24,TRIQUET_BAY_INTERIOR4,4,TRIQUET_BAY,2015-06-24_TRIQUET_BAY_INTERIOR4_4,,,,,,Raw,,
,CALVERT,HAKAI,MARINEGEO,2015-06-24,TRIQUET_BAY_INTERIOR5,5,TRIQUET_BAY,2015-06-24_TRIQUET_BAY_INTERIOR5_5,,,,,,Raw,,
,CALVERT,HAKAI,MARINEGEO,2015-06-24,TRIQUET_BAY_INTERIOR6,6,TRIQUET_BAY,2015-06-24_TRIQUET_BAY_INTERIOR6_6,,,,,,Raw,,
,CALVERT,HAKAI,MARINEGEO,2015-06-24,TRIQUET_NORTH_EDGE1,1,TRIQUET_NORTH,2015-06-24_TRIQUET_NORTH_EDGE1_1,,,,,,Raw,,
,CALVERT,HAKAI,MARINEGEO,2015-06-24,TRIQUET_NORTH_EDGE2,2,TRIQUET_NORTH,2015-06-24_TRIQUET_NORTH_EDGE2_2,,,,,,Raw,,
,CALVERT,HAKAI,MARINEGEO,2015-06-24,TRIQUET_NORTH_EDGE3,3,TRIQUET_NORTH,2015-06-24_TRIQUET_NORTH_EDGE3_3,,,,,,Raw,,
,CALVERT,HAKAI,MARINEGEO,2015-06-24,TRIQUET_NORTH_INTERIOR4,4,TRIQUET_NORTH,2015-06-24_TRIQUET_NORTH_INTERIOR4_4,,,,,,Raw,,
,CALVERT,HAKAI,MARINEGEO,2015-06-24,TRIQUET_NORTH_INTERIOR5,5,TRIQUET_NORTH,2015-06-24_TRIQUET_NORTH_INTERIOR5_5,,,,,,Raw,,
,CALVERT,HAKAI,MARINEGEO,2015-06-24,TRIQUET_NORTH_INTERIOR6,6,TRIQUET_NORTH,2015-06-24_TRIQUET_NORTH_INTERIOR6_6,,,,,,Raw,,
,CALVERT,HAKAI,MARINEGEO,2015-06-26,MCMULLIN_NORTH_EDGE1,1,MCMULLIN_NORTH,2015-06-26_MCMULLIN_NORTH_EDGE1_1,,,,,,Raw,,
,CALVERT,HAKAI,MARINEGEO,2015-06-26,MCMULLIN_NORTH_EDGE2,2,MCMULLIN_NORTH,2015-06-26_MCMULLIN_NORTH_EDGE2_2,,,,,,Raw,,
,CALVERT,HAKAI,MARINEGEO,2015-06-26,MCMULLIN_NORTH_EDGE3,3,MCMULLIN_NORTH,2015-06-26_MCMULLIN_NORTH_EDGE3_3,,,,,,Raw,,
,CALVERT,HAKAI,MARINEGEO,2015-06-26,MCMULLIN_NORTH_INTERIOR4,4,MCMULLIN_NORTH,2015-06-26_MCMULLIN_NORTH_INTERIOR4_4,,,,,,Raw,,
,CALVERT,HAKAI,MARINEGEO,2015-06-26,MCMULLIN_NORTH_INTERIOR5,5,MCMULLIN_NORTH,2015-06-26_MCMULLIN_NORTH_INTERIOR5_5,,,,,,Raw,,
,CALVERT,HAKAI,MARINEGEO,2015-06-26,MCMULLIN_NORTH_INTERIOR6,6,MCMULLIN_NORTH,2015-06-26_MCMULLIN_NORTH_INTERIOR6_6,,,,,,Raw,,
,CALVERT,HAKAI,MARINEGEO,2015-06-26,MCMULLIN_SOUTH_EDGE1,1,MCMULLIN_SOUTH,2015-06-26_MCMULLIN_SOUTH_EDGE1_1,,,,,,Raw,,
,CALVERT,HAKAI,MARINEGEO,2015-06-26,MCMULLIN_SOUTH_EDGE2,2,MCMULLIN_SOUTH,2015-06-26_MCMULLIN_SOUTH_EDGE2_2,,,,,,Raw,,
,CALVERT,HAKAI,MARINEGEO,2015-06-26,MCMULLIN_SOUTH_EDGE3,3,MCMULLIN_SOUTH,2015-06-26_MCMULLIN_SOUTH_EDGE3_3,,,,,,Raw,,
,CALVERT,HAKAI,MARINEGEO,2015-06-26,MCMULLIN_SOUTH_INTERIOR4,4,MCMULLIN_SOUTH,2015-06-26_MCMULLIN_SOUTH_INTERIOR4_4,,,,,,Raw,,
,CALVERT,HAKAI,MARINEGEO,2015-06-26,MCMULLIN_SOUTH_INTERIOR5,5,MCMULLIN_SOUTH,2015-06-26_MCMULLIN_SOUTH_INTERIOR5_5,,,,,,Raw,,
,CALVERT,HAKAI,MARINEGEO,2015-06-26,MCMULLIN_SOUTH_INTERIOR6,6,MCMULLIN_SOUTH,2015-06-26_MCMULLIN_SOUTH_INTERIOR6_6,,,,,,Raw,,
,CALVERT,HAKAI,MARINEGEO,2015-06-28,GOOSE_SOUTHEAST_EDGE1,1,GOOSE_SOUTHEAST,2015-06-28_GOOSE_SOUTHEAST_EDGE1_1,,,,,,Raw,,
,CALVERT,HAKAI,MARINEGEO,2015-06-28,GOOSE_SOUTHEAST_EDGE2,2,GOOSE_SOUTHEAST,2015-06-28_GOOSE_SOUTHEAST_EDGE2_2,,,,,,Raw,,
,CALVERT,HAKAI,MARINEGEO,2015-06-28,GOOSE_SOUTHEAST_EDGE3,3,GOOSE_SOUTHEAST,2015-06-28_GOOSE_SOUTHEAST_EDGE3_3,,,,,,Raw,,
,CALVERT,HAKAI,MARINEGEO,2015-06-28,GOOSE_SOUTHEAST_INTERIOR4,4,GOOSE_SOUTHEAST,2015-06-28_GOOSE_SOUTHEAST_INTERIOR4_4,,,,,,Raw,,
,CALVERT,HAKAI,MARINEGEO,2015-06-28,GOOSE_SOUTHEAST_INTERIOR5,5,GOOSE_SOUTHEAST,2015-06-28_GOOSE_SOUTHEAST_INTERIOR5_5,,,,,,Raw,,
,CALVERT,HAKAI,MARINEGEO,2015-06-28,GOOSE_SOUTHEAST_INTERIOR6,6,GOOSE_SOUTHEAST,2015-06-28_GOOSE_SOUTHEAST_INTERIOR6_6,,,,,,Raw,,
,CALVERT,HAKAI,MARINEGEO,2015-06-28,GOOSE_SOUTHWEST_EDGE1,1,GOOSE_SOUTHWEST,2015-06-28_GOOSE_SOUTHWEST_EDGE1_1,,,,,,Raw,,
,CALVERT,HAKAI,MARINEGEO,2015-06-28,GOOSE_SOUTHWEST_EDGE2,2,GOOSE_SOUTHWEST,2015-06-28_GOOSE_SOUTHWEST_EDGE2_2,,,,,,Raw,,
,CALVERT,HAKAI,MARINEGEO,2015-06-28,GOOSE_SOUTHWEST_EDGE3,3,GOOSE_SOUTHWEST,2015-06-28_GOOSE_SOUTHWEST_EDGE3_3,,,,,,Raw,,
,CALVERT,HAKAI,MARINEGEO,2015-06-28,GOOSE_SOUTHWEST_INTERIOR4,4,GOOSE_SOUTHWEST,2015-06-28_GOOSE_SOUTHWEST_INTERIOR4_4,,,,,,Raw,,
,CALVERT,HAKAI,MARINEGEO,2015-06-28,GOOSE_SOUTHWEST_INTERIOR5,5,GOOSE_SOUTHWEST,2015-06-28_GOOSE_SOUTHWEST_INTERIOR5_5,,,,,,Raw,,
,CALVERT,HAKAI,MARINEGEO,2015-06-28,GOOSE_SOUTHWEST_INTERIOR6,6,GOOSE_SOUTHWEST,2015-06-28_GOOSE_SOUTHWEST_INTERIOR6_6,,,,,,Raw,,
,CALVERT,HAKAI,MARINEGEO,2015-07-03,CHOKED_PASS_EDGE7,7,CHOKED_PASS,2015-07-03_CHOKED_PASS_EDGE7_7,,,,,,Raw,,
,CALVERT,HAKAI,MARINEGEO,2015-07-04,CHOKED_PASS_EDGE12,12,CHOKED_PASS,2015-07-04_CHOKED_PASS_EDGE12_12,,,,,,Raw,,
,CALVERT,HAKAI,MARINEGEO,2015-07-05,CHOKED_PASS_EDGE1,1,CHOKED_PASS,2015-07-05_CHOKED_PASS_EDGE1_1,,,,,,Raw,,
,CALVERT,HAKAI,MARINEGEO,2015-07-05,CHOKED_PASS_EDGE10,10,CHOKED_PASS,2015-07-05_CHOKED_PASS_EDGE10_10,,,,,,Raw,,
,CALVERT,HAKAI,MARINEGEO,2015-07-06,CHOKED_PASS_INTERIOR9,9,CHOKED_PASS,2015-07-06_CHOKED_PASS_INTERIOR9_9,,,,,,Raw,,
,CALVERT,HAKAI,MARINEGEO,2015-07-07,CHOKED_PASS_INTERIOR4,4,CHOKED_PASS,2015-07-07_CHOKED_PASS_INTERIOR4_4,,,,,,Raw,,
,CALVERT,HAKAI,MARINEGEO,2015-07-07,CHOKED_PASS_INTERIOR6,6,CHOKED_PASS,2015-07-07_CHOKED_PASS_INTERIOR6_6,,,,,,Raw,,
,CALVERT,HAKAI,MARINEGEO,2015-07-08,CHOKED_PASS_EDGE11,11,CHOKED_PASS,2015-07-08_CHOKED_PASS_EDGE11_11,,,,,,Raw,,
,CALVERT,HAKAI,MARINEGEO,2015-07-08,CHOKED_PASS_EDGE3,3,CHOKED_PASS,2015-07-08_CHOKED_PASS_EDGE3_3,,,,,,Raw,,
,CALVERT,HAKAI,MARINEGEO,2015-07-08,CHOKED_PASS_EDGE8,8,CHOKED_PASS,2015-07-08_CHOKED_PASS_EDGE8_8,,,,,,Raw,,
,CALVERT,HAKAI,MARINEGEO,2015-07-08,CHOKED_PASS_INTERIOR5,5,CHOKED_PASS,2015-07-08_CHOKED_PASS_INTERIOR5_5,,,,,,Raw,,
,CALVERT,HAKAI,MARINEGEO,2015-07-10,CHOKED_PASS_EDGE2,2,CHOKED_PASS,2015-07-10_CHOKED_PASS_EDGE2_2,,,,,,Raw,,
,CALVERT,HAKAI,MARINEGEO,2015-07-29,7,7,CHOKED_PASS,2015-07-29_7_7,,,,,,Raw,,
,CALVERT,HAKAI,MARINEGEO,2015-07-29,8,8,CHOKED_PASS,2015-07-29_8_8,,,,,,Raw,,
,CALVERT,HAKAI,MARINEGEO,2015-07-29,CHOKED_PASS_EDGE11,11,CHOKED_PASS,2015-07-29_CHOKED_PASS_EDGE11_11,,,,,,Raw,,
,CALVERT,HAKAI,MARINEGEO,2015-07-29,CHOKED_PASS_EDGE 7,7,CHOKED_PASS,2015-07-29_CHOKED_PASS_EDGE 7_7,,,,,,Raw,,
,CALVERT,HAKAI,MARINEGEO,2015-07-29,CHOKED_PASS_EDGE 8,8,CHOKED_PASS,2015-07-29_CHOKED_PASS_EDGE 8_8,,,,,,Raw,,
,CALVERT,HAKAI,MARINEGEO,2015-07-29,CHOKED_PASS_INTERIOR6,6,CHOKED_PASS,2015-07-29_CHOKED_PASS_INTERIOR6_6,,,,,,Raw,,
,CALVERT,HAKAI,MARINEGEO,2015-07-30,CHOKED_PASS_EDGE2,2,CHOKED_PASS,2015-07-30_CHOKED_PASS_EDGE2_2,,,,,,Raw,,
,CALVERT,HAKAI,MARINEGEO,2015-07-30,CHOKED_PASS_INTERIOR9,9,CHOKED_PASS,2015-07-30_CHOKED_PASS_INTERIOR9_9,,,,,,Raw,,
,CALVERT,HAKAI,MARINEGEO,2015-07-31,CHOKED_PASS_EDGE12,12,CHOKED_PASS,2015-07-31_CHOKED_PASS_EDGE12_12,,,,,,Raw,,
,CALVERT,HAKAI,MARINEGEO,2015-07-31,CHOKED_PASS_EDGE3,3,CHOKED_PASS,2015-07-31_CHOKED_PASS_EDGE3_3,,,,,,Raw,,
,CALVERT,HAKAI,MARINEGEO,2015-08-01,CHOKED_PASS_EDGE1,1,CHOKED_PASS,2015-08-01_CHOKED_PASS_EDGE1_1,,,,,,Raw,,
,CALVERT,HAKAI,MARINEGEO,2015-08-01,CHOKED_PASS_EDGE10,10,CHOKED_PASS,2015-08-01_CHOKED_PASS_EDGE10_10,,,,,,Raw,,
,CALVERT,HAKAI,MARINEGEO,2015-08-01,CHOKED_PASS_INTERIOR4,4,CHOKED_PASS,2015-08-01_CHOKED_PASS_INTERIOR4_4,,,,,,Raw,,
,CALVERT,HAKAI,MARINEGEO,2015-08-01,CHOKED_PASS_INTERIOR5,5,CHOKED_PASS,2015-08-01_CHOKED_PASS_INTERIOR5_5,,,,,,Raw,,
,CALVERT,HAKAI,MARINEGEO,2016-05-12,PRUTH_BAY_EDGE3,3,PRUTH_BAY,2016-05-12_PRUTH_BAY_EDGE3_3,Zach,,,,,Raw,,
,CALVERT,HAKAI,MARINEGEO,2016-05-13,PRUTH_BAY_EDGE1,1,PRUTH_BAY,2016-05-13_PRUTH_BAY_EDGE1_1,Zach,,,,,Raw,,
,CALVERT,HAKAI,MARINEGEO,2016-05-13,PRUTH_BAY_EDGE2,2,PRUTH_BAY,2016-05-13_PRUTH_BAY_EDGE2_2,Zach,,,,,Raw,,
,CALVERT,HAKAI,MARINEGEO,2016-05-13,PRUTH_BAY_INTERIOR4,4,PRUTH_BAY,2016-05-13_PRUTH_BAY_INTERIOR4_4,Zach,,,,,Raw,,
,CALVERT,HAKAI,MARINEGEO,2016-05-13,PRUTH_BAY_INTERIOR5,5,PRUTH_BAY,2016-05-13_PRUTH_BAY_INTERIOR5_5,Zach,,,,,Raw,,
,CALVERT,HAKAI,MARINEGEO,2016-05-13,PRUTH_BAY_INTERIOR6,6,PRUTH_BAY,2016-05-13_PRUTH_BAY_INTERIOR6_6,Zach,,,,,Raw,,
,CALVERT,HAKAI,MARINEGEO,2016-05-14,CHOKED_PASS_EDGE1,1,CHOKED_PASS,2016-05-14_CHOKED_PASS_EDGE1_1,Zach,,,,,Raw,,
,CALVERT,HAKAI,MARINEGEO,2016-05-14,CHOKED_PASS_INTERIOR4,4,CHOKED_PASS,2016-05-14_CHOKED_PASS_INTERIOR4_4,Zach,,,,,Raw,,
,CALVERT,HAKAI,MARINEGEO,2016-05-15,CHOKED_PASS_EDGE2,2,CHOKED_PASS,2016-05-15_CHOKED_PASS_EDGE2_2,Zach,,,,,Raw,,
,CALVERT,HAKAI,MARINEGEO,2016-05-15,CHOKED_PASS_EDGE3,3,CHOKED_PASS,2016-05-15_CHOKED_PASS_EDGE3_3,Zach,,,,,Raw,,
,CALVERT,HAKAI,MARINEGEO,2016-05-15,CHOKED_PASS_EDGE7,7,CHOKED_PASS,2016-05-15_CHOKED_PASS_EDGE7_7,Zach,,,,,Raw,,
,CALVERT,HAKAI,MARINEGEO,2016-05-15,CHOKED_PASS_INTERIOR6,6,CHOKED_PASS,2016-05-15_CHOKED_PASS_INTERIOR6_6,Zach,,,,,Raw,,
,CALVERT,HAKAI,MARINEGEO,2016-05-16,CHOKED_PASS_INTERIOR5,5,CHOKED_PASS,2016-05-16_CHOKED_PASS_INTERIOR5_5,Zach,,,,,Raw,,
,CALVERT,HAKAI,MARINEGEO,2016-05-30,KOEYE_ESTUARY_EDGE1,1,KOEYE_ESTUARY,2016-05-30_KOEYE_ESTUARY_EDGE1_1,Zach,,,,,Raw,,
,CALVERT,HAKAI,MARINEGEO,2016-05-30,KOEYE_ESTUARY_EDGE2,2,KOEYE_ESTUARY,2016-05-30_KOEYE_ESTUARY_EDGE2_2,Zach,,,,,Raw,,
,CALVERT,HAKAI,MARINEGEO,2016-05-30,KOEYE_ESTUARY_EDGE3,3,KOEYE_ESTUARY,2016-05-30_KOEYE_ESTUARY_EDGE3_3,Zach,,,,,Raw,,
,CALVERT,HAKAI,MARINEGEO,2016-05-30,KOEYE_ESTUARY_INTERIOR4,4,KOEYE_ESTUARY,2016-05-30_KOEYE_ESTUARY_INTERIOR4_4,Zach,,,,,Raw,,
,CALVERT,HAKAI,MARINEGEO,2016-05-30,KOEYE_ESTUARY_INTERIOR5,5,KOEYE_ESTUARY,2016-05-30_KOEYE_ESTUARY_INTERIOR5_5,Zach,,,,,Raw,,
,CALVERT,HAKAI,MARINEGEO,2016-05-30,KOEYE_ESTUARY_INTERIOR6,6,KOEYE_ESTUARY,2016-05-30_KOEYE_ESTUARY_INTERIOR6_6,Zach,,,,,Raw,,
,CALVERT,HAKAI,MARINEGEO,2016-06-16,PRUTH_BAY_EDGE1,1,PRUTH_BAY,2016-06-16_PRUTH_BAY_EDGE1_1,Ondine,,,,,Raw,,
,CALVERT,HAKAI,MARINEGEO,2016-06-16,PRUTH_BAY_EDGE2,2,PRUTH_BAY,2016-06-16_PRUTH_BAY_EDGE2_2,Ondine,,,,,Raw,,
,CALVERT,HAKAI,MARINEGEO,2016-06-16,PRUTH_BAY_EDGE3,3,PRUTH_BAY,2016-06-16_PRUTH_BAY_EDGE3_3,Ondine,,,,,Raw,,
,CALVERT,HAKAI,MARINEGEO,2016-06-16,PRUTH_BAY_INTERIOR4,4,PRUTH_BAY,2016-06-16_PRUTH_BAY_INTERIOR4_4,Ondine,,,,,Raw,,
,CALVERT,HAKAI,MARINEGEO,2016-06-16,PRUTH_BAY_INTERIOR5,5,PRUTH_BAY,2016-06-16_PRUTH_BAY_INTERIOR5_5,Ondine,,,,,Raw,,
,CALVERT,HAKAI,MARINEGEO,2016-06-16,PRUTH_BAY_INTERIOR6,6,PRUTH_BAY,2016-06-16_PRUTH_BAY_INTERIOR6_6,Ondine,,,,,Raw,,
,CALVERT,HAKAI,MARINEGEO,2016-06-18,ESTUARY_EDGE1,1,KOEYE_ESTUARY ESTUARY,2016-06-18_ESTUARY_EDGE1_1,Derek,,,,,Raw,,
,CALVERT,HAKAI,MARINEGEO,2016-06-18,ESTUARY_EDGE2,2,KOEYE_ESTUARY ESTUARY,2016-06-18_ESTUARY_EDGE2_2,Derek,,,,,Raw,,
,CALVERT,HAKAI,MARINEGEO,2016-06-18,ESTUARY_INTERIOR4,4,KOEYE_ESTUARY ESTUARY,2016-06-18_ESTUARY_INTERIOR4_4,Derek,,,,,Raw,,
,CALVERT,HAKAI,MARINEGEO,2016-06-18,KOEYE_ESTUARY_EDGE1,1,KOEYE_ESTUARY,2016-06-18_KOEYE_ESTUARY_EDGE1_1,Derek,,,,,Raw,,
,CALVERT,HAKAI,MARINEGEO,2016-06-18,KOEYE_ESTUARY_EDGE2,2,KOEYE_ESTUARY,2016-06-18_KOEYE_ESTUARY_EDGE2_2,Derek,,,,,Raw,,
,CALVERT,HAKAI,FGS,2016-06-18,KOEYE_ESTUARY_ESTUARY_EDGE1,1,KOEYE_ESTUARY_ESTUARY,2016-06-18_KOEYE_ESTUARY_ESTUARY_EDGE1_1,,,,,,Raw,,
,CALVERT,HAKAI,FGS,2016-06-18,KOEYE_ESTUARY_ESTUARY_EDGE2,2,KOEYE_ESTUARY_ESTUARY,2016-06-18_KOEYE_ESTUARY_ESTUARY_EDGE2_2,,,,,,Raw,,
,CALVERT,HAKAI,FGS,2016-06-18,KOEYE_ESTUARY_ESTUARY_INTERIOR4,4,KOEYE_ESTUARY_ESTUARY,2016-06-18_KOEYE_ESTUARY_ESTUARY_INTERIOR4_4,,,,,,Raw,,
,CALVERT,HAKAI,MARINEGEO,2016-06-18,KOEYE_ESTUARY_INTERIOR4,4,KOEYE_ESTUARY,2016-06-18_KOEYE_ESTUARY_INTERIOR4_4,Derek,,,,,Raw,,
,CALVERT,HAKAI,MARINEGEO,2016-06-18,KOEYE_KOEYE_ESTUARY_EDGE1,1,KOEYE_ESTUARY,2016-06-18_KOEYE_KOEYE_ESTUARY_EDGE1_1,Derek,,,,,Raw,,
,CALVERT,HAKAI,MARINEGEO,2016-06-18,KOEYE_KOEYE_ESTUARY_EDGE2,2,KOEYE_ESTUARY,2016-06-18_KOEYE_KOEYE_ESTUARY_EDGE2_2,Derek,,,,,Raw,,
,CALVERT,HAKAI,MARINEGEO,2016-06-18,KOEYE_KOEYE_ESTUARY_INTERIOR4,4,KOEYE_ESTUARY,2016-06-18_KOEYE_KOEYE_ESTUARY_INTERIOR4_4,Derek,,,,,Raw,,
,CALVERT,HAKAI,MARINEGEO,2016-06-19,ESTUARY_EDGE3,3,KOEYE_ESTUARY ESTUARY,2016-06-19_ESTUARY_EDGE3_3,Kyle,,,,,Raw,,
,CALVERT,HAKAI,MARINEGEO,2016-06-19,ESTUARY_INTERIOR5,5,KOEYE_ESTUARY ESTUARY,2016-06-19_ESTUARY_INTERIOR5_5,Kyle,,,,,Raw,,
,CALVERT,HAKAI,MARINEGEO,2016-06-19,ESTUARY_INTERIOR6,6,KOEYE_ESTUARY ESTUARY,2016-06-19_ESTUARY_INTERIOR6_6,Kyle,,,,,Raw,,
,CALVERT,HAKAI,MARINEGEO,2016-06-19,KOEYE_ESTUARY_EDGE3,3,KOEYE_ESTUARY,2016-06-19_KOEYE_ESTUARY_EDGE3_3,Kyle,,,,,Raw,,
,CALVERT,HAKAI,FGS,2016-06-19,KOEYE_ESTUARY_ESTUARY_EDGE3,3,KOEYE_ESTUARY_ESTUARY,2016-06-19_KOEYE_ESTUARY_ESTUARY_EDGE3_3,,,,,,Raw,,
,CALVERT,HAKAI,FGS,2016-06-19,KOEYE_ESTUARY_ESTUARY_INTERIOR5,5,KOEYE_ESTUARY_ESTUARY,2016-06-19_KOEYE_ESTUARY_ESTUARY_INTERIOR5_5,,,,,,Raw,,
,CALVERT,HAKAI,FGS,2016-06-19,KOEYE_ESTUARY_ESTUARY_INTERIOR6,6,KOEYE_ESTUARY_ESTUARY,2016-06-19_KOEYE_ESTUARY_ESTUARY_INTERIOR6_6,,,,,,Raw,,
,CALVERT,HAKAI,MARINEGEO,2016-06-19,KOEYE_ESTUARY_INTERIOR5,5,KOEYE_ESTUARY,2016-06-19_KOEYE_ESTUARY_INTERIOR5_5,Kyle,,,,,Raw,,
,CALVERT,HAKAI,MARINEGEO,2016-06-19,KOEYE_ESTUARY_INTERIOR6,6,KOEYE_ESTUARY,2016-06-19_KOEYE_ESTUARY_INTERIOR6_6,Kyle,,,,,Raw,,
,CALVERT,HAKAI,MARINEGEO,2016-06-19,KOEYE_KOEYE_ESTUARY_EDGE3,3,KOEYE_ESTUARY,2016-06-19_KOEYE_KOEYE_ESTUARY_EDGE3_3,Kyle,,,,,Raw,,
,CALVERT,HAKAI,MARINEGEO,2016-06-20,CHOKED_PASS_EDGE1,1,CHOKED_PASS,2016-06-20_CHOKED_PASS_EDGE1_1,Zach,,,,,Raw,,
,CALVERT,HAKAI,MARINEGEO,2016-06-20,CHOKED_PASS_EDGE2,2,CHOKED_PASS,2016-06-20_CHOKED_PASS_EDGE2_2,Zach,,,,,Raw,,
,CALVERT,HAKAI,MARINEGEO,2016-06-20,CHOKED_PASS_EDGE3,3,CHOKED_PASS,2016-06-20_CHOKED_PASS_EDGE3_3,Zach,,,,,Raw,,
,CALVERT,HAKAI,MARINEGEO,2016-06-20,CHOKED_PASS_EDGE7,7,CHOKED_PASS,2016-06-20_CHOKED_PASS_EDGE7_7,Zach,,,,,Raw,,
,CALVERT,HAKAI,MARINEGEO,2016-06-20,CHOKED_PASS_INTERIOR4,4,CHOKED_PASS,2016-06-20_CHOKED_PASS_INTERIOR4_4,Zach,,,,,Raw,,
,CALVERT,HAKAI,MARINEGEO,2016-06-20,CHOKED_PASS_INTERIOR5,5,CHOKED_PASS,2016-06-20_CHOKED_PASS_INTERIOR5_5,Zach,,,,,Raw,,
,CALVERT,HAKAI,MARINEGEO,2016-06-20,CHOKED_PASS_INTERIOR6,6,CHOKED_PASS,2016-06-20_CHOKED_PASS_INTERIOR6_6,Zach,,,,,Raw,,
,CALVERT,HAKAI,MARINEGEO,2016-07-28,PRUTH_BAY_EDGE1,1,PRUTH_BAY,2016-07-28_PRUTH_BAY_EDGE1_1,angeleen;Angeleen;carolyn;Carolyn;zach;Zach,,,,,Raw,,
,CALVERT,HAKAI,MARINEGEO,2016-07-28,PRUTH_BAY_EDGE2,2,PRUTH_BAY,2016-07-28_PRUTH_BAY_EDGE2_2,angeleen;Angeleen;carolyn;Carolyn;zach;Zach,,,,,Raw,,
,CALVERT,HAKAI,MARINEGEO,2016-07-28,PRUTH_BAY_EDGE3,3,PRUTH_BAY,2016-07-28_PRUTH_BAY_EDGE3_3,angeleen;Angeleen;carolyn;Carolyn;zach;Zach,,,,,Raw,,
,CALVERT,HAKAI,MARINEGEO,2016-07-28,PRUTH_BAY_INTERIOR4,4,PRUTH_BAY,2016-07-28_PRUTH_BAY_INTERIOR4_4,angeleen;Angeleen;carolyn;Carolyn;zach;Zach,,,,,Raw,,
,CALVERT,HAKAI,MARINEGEO,2016-07-28,PRUTH_BAY_INTERIOR5,5,PRUTH_BAY,2016-07-28_PRUTH_BAY_INTERIOR5_5,angeleen;Angeleen;carolyn;Carolyn;zach;Zach,,,,,Raw,,
,CALVERT,HAKAI,MARINEGEO,2016-07-28,PRUTH_BAY_INTERIOR6,6,PRUTH_BAY,2016-07-28_PRUTH_BAY_INTERIOR6_6,angeleen;Angeleen;carolyn;Carolyn;zach;Zach,,,,,Raw,,
,CALVERT,HAKAI,MARINEGEO,2016-07-29,TRIQUET_NORTH_EDGE1,1,TRIQUET_NORTH,2016-07-29_TRIQUET_NORTH_EDGE1_1,angeleen;Angeleen;zach;Zach,,,,,Raw,,
,CALVERT,HAKAI,MARINEGEO,2016-07-29,TRIQUET_NORTH_EDGE2,2,TRIQUET_NORTH,2016-07-29_TRIQUET_NORTH_EDGE2_2,angeleen;Angeleen;zach;Zach,,,,,Raw,,
,CALVERT,HAKAI,MARINEGEO,2016-07-29,TRIQUET_NORTH_EDGE3,3,TRIQUET_NORTH,2016-07-29_TRIQUET_NORTH_EDGE3_3,angeleen;Angeleen;zach;Zach,,,,,Raw,,
,CALVERT,HAKAI,MARINEGEO,2016-07-29,TRIQUET_NORTH_INTERIOR4,4,TRIQUET_NORTH,2016-07-29_TRIQUET_NORTH_INTERIOR4_4,angeleen;Angeleen;zach;Zach,,,,,Raw,,
,CALVERT,HAKAI,MARINEGEO,2016-07-29,TRIQUET_NORTH_INTERIOR5,5,TRIQUET_NORTH,2016-07-29_TRIQUET_NORTH_INTERIOR5_5,angeleen;Angeleen;zach;Zach,,,,,Raw,,
,CALVERT,HAKAI,MARINEGEO,2016-07-29,TRIQUET_NORTH_INTERIOR6,6,TRIQUET_NORTH,2016-07-29_TRIQUET_NORTH_INTERIOR6_6,angeleen;Angeleen;zach;Zach,,,,,Raw,,
,CALVERT,HAKAI,MARINEGEO,2016-07-30,MCMULLIN_NORTH_EDGE1,1,MCMULLIN_NORTH,2016-07-30_MCMULLIN_NORTH_EDGE1_1,angeleen;Angeleen;zach;Zach,,,,,Raw,,
,CALVERT,HAKAI,MARINEGEO,2016-07-30,MCMULLIN_NORTH_EDGE2,2,MCMULLIN_NORTH,2016-07-30_MCMULLIN_NORTH_EDGE2_2,angeleen;Angeleen;zach;Zach,,,,,Raw,,
,CALVERT,HAKAI,MARINEGEO,2016-07-30,MCMULLIN_NORTH_EDGE3,3,MCMULLIN_NORTH,2016-07-30_MCMULLIN_NORTH_EDGE3_3,angeleen;Angeleen;zach;Zach,,,,,Raw,,
,CALVERT,HAKAI,MARINEGEO,2016-07-30,MCMULLIN_NORTH_INTERIOR4,4,MCMULLIN_NORTH,2016-07-30_MCMULLIN_NORTH_INTERIOR4_4,angeleen;Angeleen;zach;Zach,,,,,Raw,,
,CALVERT,HAKAI,MARINEGEO,2016-07-30,MCMULLIN_NORTH_INTERIOR5,5,MCMULLIN_NORTH,2016-07-30_MCMULLIN_NORTH_INTERIOR5_5,angeleen;Angeleen;zach;Zach,,,,,Raw,,
,CALVERT,HAKAI,MARINEGEO,2016-07-30,MCMULLIN_NORTH_INTERIOR6,6,MCMULLIN_NORTH,2016-07-30_MCMULLIN_NORTH_INTERIOR6_6,angeleen;Angeleen;zach;Zach,,,,,Raw,,
,CALVERT,HAKAI,MARINEGEO,2016-07-31,GOOSE_SOUTHEAST_EDGE1,1,GOOSE_SOUTHEAST,2016-07-31_GOOSE_SOUTHEAST_EDGE1_1,angeleen;Angeleen;zach;Zach,,,,,Raw,,
,CALVERT,HAKAI,MARINEGEO,2016-07-31,GOOSE_SOUTHEAST_EDGE2,2,GOOSE_SOUTHEAST,2016-07-31_GOOSE_SOUTHEAST_EDGE2_2,angeleen;Angeleen;zach;Zach,,,,,Raw,,
,CALVERT,HAKAI,MARINEGEO,2016-07-31,GOOSE_SOUTHEAST_EDGE3,3,GOOSE_SOUTHEAST,2016-07-31_GOOSE_SOUTHEAST_EDGE3_3,angeleen;Angeleen;zach;Zach,,,,,Raw,,
,CALVERT,HAKAI,MARINEGEO,2016-07-31,GOOSE_SOUTHEAST_INTERIOR4,4,GOOSE_SOUTHEAST,2016-07-31_GOOSE_SOUTHEAST_INTERIOR4_4,angeleen;Angeleen;zach;Zach,,,,,Raw,,
,CALVERT,HAKAI,MARINEGEO,2016-07-31,GOOSE_SOUTHEAST_INTERIOR5,5,GOOSE_SOUTHEAST,2016-07-31_GOOSE_SOUTHEAST_INTERIOR5_5,angeleen;Angeleen;zach;Zach,,,,,Raw,,
,CALVERT,HAKAI,MARINEGEO,2016-07-31,GOOSE_SOUTHEAST_INTERIOR6,6,GOOSE_SOUTHEAST,2016-07-31_GOOSE_SOUTHEAST_INTERIOR6_6,angeleen;Angeleen;zach;Zach,,,,,Raw,,
,CALVERT,HAKAI,MARINEGEO,2016-08-01,KOEYE_ESTUARY_EDGE1,1,KOEYE_ESTUARY,2016-08-01_KOEYE_ESTUARY_EDGE1_1,angeleen;Angeleen;zach;Zach,,,,,Raw,,
,CALVERT,HAKAI,MARINEGEO,2016-08-01,KOEYE_ESTUARY_EDGE2,2,KOEYE_ESTUARY,2016-08-01_KOEYE_ESTUARY_EDGE2_2,angeleen;Angeleen;zach;Zach,,,,,Raw,,
,CALVERT,HAKAI,MARINEGEO,2016-08-01,KOEYE_ESTUARY_EDGE3,3,KOEYE_ESTUARY,2016-08-01_KOEYE_ESTUARY_EDGE3_3,angeleen;Angeleen;zach;Zach,,,,,Raw,,
,CALVERT,HAKAI,MARINEGEO,2016-08-01,KOEYE_ESTUARY_INTERIOR4,4,KOEYE_ESTUARY,2016-08-01_KOEYE_ESTUARY_INTERIOR4_4,angeleen;Angeleen;zach;Zach,,,,,Raw,,
,CALVERT,HAKAI,MARINEGEO,2016-08-01,KOEYE_ESTUARY_INTERIOR5,5,KOEYE_ESTUARY,2016-08-01_KOEYE_ESTUARY_INTERIOR5_5,angeleen;Angeleen;zach;Zach,,,,,Raw,,
,CALVERT,HAKAI,MARINEGEO,2016-08-01,KOEYE_ESTUARY_INTERIOR6,6,KOEYE_ESTUARY,2016-08-01_KOEYE_ESTUARY_INTERIOR6_6,angeleen;Angeleen;zach;Zach,,,,,Raw,,
,CALVERT,HAKAI,MARINEGEO,2016-08-03,CHOKED_PASS_EDGE1,1,CHOKED_PASS,2016-08-03_CHOKED_PASS_EDGE1_1,angeleen;Angeleen;zach;Zach,,,,,Raw,,
,CALVERT,HAKAI,MARINEGEO,2016-08-03,CHOKED_PASS_EDGE2,2,CHOKED_PASS,2016-08-03_CHOKED_PASS_EDGE2_2,angeleen;Angeleen;zach;Zach,,,,,Raw,,
,CALVERT,HAKAI,MARINEGEO,2016-08-03,CHOKED_PASS_EDGE3,3,CHOKED_PASS,2016-08-03_CHOKED_PASS_EDGE3_3,angeleen;Angeleen;zach;Zach,,,,,Raw,,
,CALVERT,HAKAI,MARINEGEO,2016-08-03,CHOKED_PASS_EDGE7,7,CHOKED_PASS,2016-08-03_CHOKED_PASS_EDGE7_7,angeleen;Angeleen;zach;Zach,,,,,Raw,,
,CALVERT,HAKAI,MARINEGEO,2016-08-03,CHOKED_PASS_INTERIOR4,4,CHOKED_PASS,2016-08-03_CHOKED_PASS_INTERIOR4_4,angeleen;Angeleen;zach;Zach,,,,,Raw,,
,CALVERT,HAKAI,MARINEGEO,2016-08-03,CHOKED_PASS_INTERIOR5,5,CHOKED_PASS,2016-08-03_CHOKED_PASS_INTERIOR5_5,angeleen;Angeleen;zach;Zach,,,,,Raw,,
,CALVERT,HAKAI,MARINEGEO,2016-08-03,CHOKED_PASS_INTERIOR6,6,CHOKED_PASS,2016-08-03_CHOKED_PASS_INTERIOR6_6,angeleen;Angeleen;zach;Zach,,,,,Raw,,
,CALVERT,HAKAI,MARINEGEO,2016-08-04,TRIQUET_BAY_EDGE1,1,TRIQUET_BAY,2016-08-04_TRIQUET_BAY_EDGE1_1,angeleen;Angeleen;carolyn;Carolyn,,,,,Raw,,
,CALVERT,HAKAI,MARINEGEO,2016-08-04,TRIQUET_BAY_EDGE2,2,TRIQUET_BAY,2016-08-04_TRIQUET_BAY_EDGE2_2,angeleen;Angeleen;carolyn;Carolyn,,,,,Raw,,
,CALVERT,HAKAI,MARINEGEO,2016-08-04,TRIQUET_BAY_EDGE3,3,TRIQUET_BAY,2016-08-04_TRIQUET_BAY_EDGE3_3,angeleen;Angeleen;carolyn;Carolyn,,,,,Raw,,
,CALVERT,HAKAI,MARINEGEO,2016-08-04,TRIQUET_BAY_INTERIOR4,4,TRIQUET_BAY,2016-08-04_TRIQUET_BAY_INTERIOR4_4,angeleen;Angeleen;carolyn;Carolyn,,,,,Raw,,
,CALVERT,HAKAI,MARINEGEO,2016-08-04,TRIQUET_BAY_INTERIOR5,5,TRIQUET_BAY,2016-08-04_TRIQUET_BAY_INTERIOR5_5,angeleen;Angeleen;carolyn;Carolyn,,,,,Raw,,
,CALVERT,HAKAI,MARINEGEO,2016-08-04,TRIQUET_BAY_INTERIOR6,6,TRIQUET_BAY,2016-08-04_TRIQUET_BAY_INTERIOR6_6,angeleen;Angeleen;carolyn;Carolyn,,,,,Raw,,
,CALVERT,HAKAI,MARINEGEO,2016-08-05,MCMULLIN_SOUTH_EDGE1,1,MCMULLIN_SOUTH,2016-08-05_MCMULLIN_SOUTH_EDGE1_1,angeleen;Angeleen;zach;Zach,,,,,Raw,,
,CALVERT,HAKAI,MARINEGEO,2016-08-05,MCMULLIN_SOUTH_EDGE2,2,MCMULLIN_SOUTH,2016-08-05_MCMULLIN_SOUTH_EDGE2_2,angeleen;Angeleen;zach;Zach,,,,,Raw,,
,CALVERT,HAKAI,MARINEGEO,2016-08-05,MCMULLIN_SOUTH_EDGE3,3,MCMULLIN_SOUTH,2016-08-05_MCMULLIN_SOUTH_EDGE3_3,angeleen;Angeleen;zach;Zach,,,,,Raw,,
,CALVERT,HAKAI,MARINEGEO,2016-08-05,MCMULLIN_SOUTH_INTERIOR4,4,MCMULLIN_SOUTH,2016-08-05_MCMULLIN_SOUTH_INTERIOR4_4,angeleen;Angeleen;zach;Zach,,,,,Raw,,
,CALVERT,HAKAI,MARINEGEO,2016-08-05,MCMULLIN_SOUTH_INTERIOR5,5,MCMULLIN_SOUTH,2016-08-05_MCMULLIN_SOUTH_INTERIOR5_5,angeleen;Angeleen;zach;Zach,,,,,Raw,,
,CALVERT,HAKAI,MARINEGEO,2016-08-05,MCMULLIN_SOUTH_INTERIOR6,6,MCMULLIN_SOUTH,2016-08-05_MCMULLIN_SOUTH_INTERIOR6_6,angeleen;Angeleen;zach;Zach,,,,,Raw,,
,CALVERT,HAKAI,MARINEGEO,2016-08-06,GOOSE_SOUTHWEST_EDGE1,1,GOOSE_SOUTHWEST,2016-08-06_GOOSE_SOUTHWEST_EDGE1_1,angeleen;Angeleen;zach;Zach,,,,,Raw,,
,CALVERT,HAKAI,MARINEGEO,2016-08-06,GOOSE_SOUTHWEST_EDGE2,2,GOOSE_SOUTHWEST,2016-08-06_GOOSE_SOUTHWEST_EDGE2_2,angeleen;Angeleen;zach;Zach,,,,,Raw,,
,CALVERT,HAKAI,MARINEGEO,2016-08-06,GOOSE_SOUTHWEST_EDGE3,3,GOOSE_SOUTHWEST,2016-08-06_GOOSE_SOUTHWEST_EDGE3_3,angeleen;Angeleen;zach;Zach,,,,,Raw,,
,CALVERT,HAKAI,MARINEGEO,2016-08-06,GOOSE_SOUTHWEST_INTERIOR4,4,GOOSE_SOUTHWEST,2016-08-06_GOOSE_SOUTHWEST_INTERIOR4_4,angeleen;Angeleen;zach;Zach,,,,,Raw,,
,CALVERT,HAKAI,MARINEGEO,2016-08-06,GOOSE_SOUTHWEST_INTERIOR5,5,GOOSE_SOUTHWEST,2016-08-06_GOOSE_SOUTHWEST_INTERIOR5_5,angeleen;Angeleen;zach;Zach,,,,,Raw,,
,CALVERT,HAKAI,MARINEGEO,2016-08-06,GOOSE_SOUTHWEST_INTERIOR6,6,GOOSE_SOUTHWEST,2016-08-06_GOOSE_SOUTHWEST_INTERIOR6_6,angeleen;Angeleen;zach;Zach,,,,,Raw,,
,CALVERT,HAKAI,MARINEGEO,2016-08-17,TRIQUET_BAY_EDGE1,1,TRIQUET_BAY,2016-08-17_TRIQUET_BAY_EDGE1_1,Other;Zach,,,,,Raw,,
,CALVERT,HAKAI,MARINEGEO,2016-08-17,TRIQUET_BAY_EDGE2,2,TRIQUET_BAY,2016-08-17_TRIQUET_BAY_EDGE2_2,Other;Zach,,,,,Raw,,
,CALVERT,HAKAI,MARINEGEO,2016-08-17,TRIQUET_BAY_EDGE3,3,TRIQUET_BAY,2016-08-17_TRIQUET_BAY_EDGE3_3,Other;Zach,,,,,Raw,,
,CALVERT,HAKAI,MARINEGEO,2016-08-17,TRIQUET_BAY_INTERIOR4,4,TRIQUET_BAY,2016-08-17_TRIQUET_BAY_INTERIOR4_4,Other;Zach,,,,,Raw,,
,CALVERT,HAKAI,MARINEGEO,2016-08-17,TRIQUET_BAY_INTERIOR5,5,TRIQUET_BAY,2016-08-17_TRIQUET_BAY_INTERIOR5_5,Other;Zach,,,,,Raw,,
,CALVERT,HAKAI,MARINEGEO,2016-08-17,TRIQUET_BAY_INTERIOR6,6,TRIQUET_BAY,2016-08-17_TRIQUET_BAY_INTERIOR6_6,Other;Zach,,,,,Raw,,
,CALVERT,HAKAI,MARINEGEO,2016-08-18,PRUTH_BAY_EDGE1,1,PRUTH_BAY,2016-08-18_PRUTH_BAY_EDGE1_1,Zach,,,,,Raw,,
,CALVERT,HAKAI,MARINEGEO,2016-08-18,PRUTH_BAY_EDGE2,2,PRUTH_BAY,2016-08-18_PRUTH_BAY_EDGE2_2,Zach,,,,,Raw,,
,CALVERT,HAKAI,MARINEGEO,2016-08-18,PRUTH_BAY_EDGE3,3,PRUTH_BAY,2016-08-18_PRUTH_BAY_EDGE3_3,Zach,,,,,Raw,,
,CALVERT,HAKAI,MARINEGEO,2016-08-18,PRUTH_BAY_INTERIOR4,4,PRUTH_BAY,2016-08-18_PRUTH_BAY_INTERIOR4_4,Zach,,,,,Raw,,
,CALVERT,HAKAI,MARINEGEO,2016-08-18,PRUTH_BAY_INTERIOR5,5,PRUTH_BAY,2016-08-18_PRUTH_BAY_INTERIOR5_5,Zach,,,,,Raw,,
,CALVERT,HAKAI,MARINEGEO,2016-08-18,PRUTH_BAY_INTERIOR6,6,PRUTH_BAY,2016-08-18_PRUTH_BAY_INTERIOR6_6,Zach,,,,,Raw,,
,CALVERT,HAKAI,MARINEGEO,2016-08-19,ESTUARY_EDGE2,2,KOEYE_ESTUARY ESTUARY,2016-08-19_ESTUARY_EDGE2_2,Zach,,,,,Raw,,
,CALVERT,HAKAI,MARINEGEO,2016-08-19,ESTUARY_EDGE3,3,KOEYE_ESTUARY ESTUARY,2016-08-19_ESTUARY_EDGE3_3,Zach,,,,,Raw,,
,CALVERT,HAKAI,MARINEGEO,2016-08-19,ESTUARY_INTERIOR5,5,KOEYE_ESTUARY ESTUARY,2016-08-19_ESTUARY_INTERIOR5_5,Zach,,,,,Raw,,
,CALVERT,HAKAI,MARINEGEO,2016-08-19,ESTUARY_INTERIOR6,6,KOEYE_ESTUARY ESTUARY,2016-08-19_ESTUARY_INTERIOR6_6,Zach,,,,,Raw,,
,CALVERT,HAKAI,MARINEGEO,2016-08-19,KOEYE_ESTUARY_EDGE2,2,KOEYE_ESTUARY,2016-08-19_KOEYE_ESTUARY_EDGE2_2,Zach,,,,,Raw,,
,CALVERT,HAKAI,MARINEGEO,2016-08-19,KOEYE_ESTUARY_EDGE3,3,KOEYE_ESTUARY,2016-08-19_KOEYE_ESTUARY_EDGE3_3,Zach,,,,,Raw,,
,CALVERT,HAKAI,FGS,2016-08-19,KOEYE_ESTUARY_ESTUARY_EDGE2,2,KOEYE_ESTUARY_ESTUARY,2016-08-19_KOEYE_ESTUARY_ESTUARY_EDGE2_2,,,,,,Raw,,
,CALVERT,HAKAI,FGS,2016-08-19,KOEYE_ESTUARY_ESTUARY_EDGE3,3,KOEYE_ESTUARY_ESTUARY,2016-08-19_KOEYE_ESTUARY_ESTUARY_EDGE3_3,,,,,,Raw,,
,CALVERT,HAKAI,FGS,2016-08-19,KOEYE_ESTUARY_ESTUARY_INTERIOR5,5,KOEYE_ESTUARY_ESTUARY,2016-08-19_KOEYE_ESTUARY_ESTUARY_INTERIOR5_5,,,,,,Raw,,
,CALVERT,HAKAI,FGS,2016-08-19,KOEYE_ESTUARY_ESTUARY_INTERIOR6,6,KOEYE_ESTUARY_ESTUARY,2016-08-19_KOEYE_ESTUARY_ESTUARY_INTERIOR6_6,,,,,,Raw,,
,CALVERT,HAKAI,MARINEGEO,2016-08-19,KOEYE_ESTUARY_INTERIOR5,5,KOEYE_ESTUARY,2016-08-19_KOEYE_ESTUARY_INTERIOR5_5,Zach,,,,,Raw,,
,CALVERT,HAKAI,MARINEGEO,2016-08-19,KOEYE_ESTUARY_INTERIOR6,6,KOEYE_ESTUARY,2016-08-19_KOEYE_ESTUARY_INTERIOR6_6,Zach,,,,,Raw,,
,CALVERT,HAKAI,MARINEGEO,2016-08-20,ESTUARY_EDGE1,1,KOEYE_ESTUARY ESTUARY,2016-08-20_ESTUARY_EDGE1_1,Zach,,,,,Raw,,
,CALVERT,HAKAI,MARINEGEO,2016-08-20,ESTUARY_INTERIOR4,4,KOEYE_ESTUARY ESTUARY,2016-08-20_ESTUARY_INTERIOR4_4,Zach,,,,,Raw,,
,CALVERT,HAKAI,MARINEGEO,2016-08-20,KOEYE_ESTUARY_EDGE1,1,KOEYE_ESTUARY,2016-08-20_KOEYE_ESTUARY_EDGE1_1,Zach,,,,,Raw,,
,CALVERT,HAKAI,FGS,2016-08-20,KOEYE_ESTUARY_ESTUARY_EDGE1,1,KOEYE_ESTUARY_ESTUARY,2016-08-20_KOEYE_ESTUARY_ESTUARY_EDGE1_1,,,,,,Raw,,
,CALVERT,HAKAI,FGS,2016-08-20,KOEYE_ESTUARY_ESTUARY_INTERIOR4,4,KOEYE_ESTUARY_ESTUARY,2016-08-20_KOEYE_ESTUARY_ESTUARY_INTERIOR4_4,,,,,,Raw,,
,CALVERT,HAKAI,MARINEGEO,2016-08-20,KOEYE_ESTUARY_INTERIOR4,4,KOEYE_ESTUARY,2016-08-20_KOEYE_ESTUARY_INTERIOR4_4,Zach,,,,,Raw,,
,CALVERT,HAKAI,MARINEGEO,2016-08-21,MCMULLIN_NORTH_EDGE1,1,MCMULLIN_NORTH,2016-08-21_MCMULLIN_NORTH_EDGE1_1,Zach,,,,,Raw,,
,CALVERT,HAKAI,MARINEGEO,2016-08-21,MCMULLIN_NORTH_EDGE2,2,MCMULLIN_NORTH,2016-08-21_MCMULLIN_NORTH_EDGE2_2,Zach,,,,,Raw,,
,CALVERT,HAKAI,MARINEGEO,2016-08-21,MCMULLIN_NORTH_EDGE3,3,MCMULLIN_NORTH,2016-08-21_MCMULLIN_NORTH_EDGE3_3,Zach,,,,,Raw,,
,CALVERT,HAKAI,MARINEGEO,2016-08-21,MCMULLIN_NORTH_INTERIOR4,4,MCMULLIN_NORTH,2016-08-21_MCMULLIN_NORTH_INTERIOR4_4,Zach,,,,,Raw,,
,CALVERT,HAKAI,MARINEGEO,2016-08-21,MCMULLIN_NORTH_INTERIOR5,5,MCMULLIN_NORTH,2016-08-21_MCMULLIN_NORTH_INTERIOR5_5,Zach,,,,,Raw,,
,CALVERT,HAKAI,MARINEGEO,2016-08-21,MCMULLIN_NORTH_INTERIOR6,6,MCMULLIN_NORTH,2016-08-21_MCMULLIN_NORTH_INTERIOR6_6,Zach,,,,,Raw,,
,CALVERT,HAKAI,MARINEGEO,2016-08-22,TRIQUET_NORTH_EDGE1,1,TRIQUET_NORTH,2016-08-22_TRIQUET_NORTH_EDGE1_1,Zach,,,,,Raw,,
,CALVERT,HAKAI,MARINEGEO,2016-08-22,TRIQUET_NORTH_EDGE2,2,TRIQUET_NORTH,2016-08-22_TRIQUET_NORTH_EDGE2_2,Zach,,,,,Raw,,
,CALVERT,HAKAI,MARINEGEO,2016-08-22,TRIQUET_NORTH_EDGE3,3,TRIQUET_NORTH,2016-08-22_TRIQUET_NORTH_EDGE3_3,Zach,,,,,Raw,,
,CALVERT,HAKAI,MARINEGEO,2016-08-22,TRIQUET_NORTH_INTERIOR4,4,TRIQUET_NORTH,2016-08-22_TRIQUET_NORTH_INTERIOR4_4,Zach,,,,,Raw,,
,CALVERT,HAKAI,MARINEGEO,2016-08-22,TRIQUET_NORTH_INTERIOR5,5,TRIQUET_NORTH,2016-08-22_TRIQUET_NORTH_INTERIOR5_5,Zach,,,,,Raw,,
,CALVERT,HAKAI,MARINEGEO,2016-08-22,TRIQUET_NORTH_INTERIOR6,6,TRIQUET_NORTH,2016-08-22_TRIQUET_NORTH_INTERIOR6_6,Zach,,,,,Raw,,
,CALVERT,HAKAI,MARINEGEO,2016-08-23,MCMULLIN_SOUTH_EDGE1,1,MCMULLIN_SOUTH,2016-08-23_MCMULLIN_SOUTH_EDGE1_1,Zach,,,,,Raw,,
,CALVERT,HAKAI,MARINEGEO,2016-08-23,MCMULLIN_SOUTH_EDGE2,2,MCMULLIN_SOUTH,2016-08-23_MCMULLIN_SOUTH_EDGE2_2,Zach,,,,,Raw,,
,CALVERT,HAKAI,MARINEGEO,2016-08-23,MCMULLIN_SOUTH_EDGE3,3,MCMULLIN_SOUTH,2016-08-23_MCMULLIN_SOUTH_EDGE3_3,Zach,,,,,Raw,,
,CALVERT,HAKAI,MARINEGEO,2016-08-23,MCMULLIN_SOUTH_INTERIOR4,4,MCMULLIN_SOUTH,2016-08-23_MCMULLIN_SOUTH_INTERIOR4_4,Zach,,,,,Raw,,
,CALVERT,HAKAI,MARINEGEO,2016-08-23,MCMULLIN_SOUTH_INTERIOR5,5,MCMULLIN_SOUTH,2016-08-23_MCMULLIN_SOUTH_INTERIOR5_5,Zach,,,,,Raw,,
,CALVERT,HAKAI,MARINEGEO,2016-08-23,MCMULLIN_SOUTH_INTERIOR6,6,MCMULLIN_SOUTH,2016-08-23_MCMULLIN_SOUTH_INTERIOR6_6,Zach,,,,,Raw,,
,CALVERT,HAKAI,MARINEGEO,2016-08-24,GOOSE_SOUTHEAST_EDGE1,1,GOOSE_SOUTHEAST,2016-08-24_GOOSE_SOUTHEAST_EDGE1_1,Zach,,,,,Raw,,
,CALVERT,HAKAI,MARINEGEO,2016-08-24,GOOSE_SOUTHEAST_EDGE2,2,GOOSE_SOUTHEAST,2016-08-24_GOOSE_SOUTHEAST_EDGE2_2,Zach,,,,,Raw,,
,CALVERT,HAKAI,MARINEGEO,2016-08-24,GOOSE_SOUTHEAST_EDGE3,3,GOOSE_SOUTHEAST,2016-08-24_GOOSE_SOUTHEAST_EDGE3_3,Zach,,,,,Raw,,
,CALVERT,HAKAI,MARINEGEO,2016-08-24,GOOSE_SOUTHEAST_INTERIOR4,4,GOOSE_SOUTHEAST,2016-08-24_GOOSE_SOUTHEAST_INTERIOR4_4,Zach,,,,,Raw,,
,CALVERT,HAKAI,MARINEGEO,2016-08-24,GOOSE_SOUTHEAST_INTERIOR5,5,GOOSE_SOUTHEAST,2016-08-24_GOOSE_SOUTHEAST_INTERIOR5_5,Zach,,,,,Raw,,
,CALVERT,HAKAI,MARINEGEO,2016-08-24,GOOSE_SOUTHEAST_INTERIOR6,6,GOOSE_SOUTHEAST,2016-08-24_GOOSE_SOUTHEAST_INTERIOR6_6,Zach,,,,,Raw,,
,CALVERT,HAKAI,MARINEGEO,2016-08-25,CHOKED_PASS_EDGE1,1,CHOKED_PASS,2016-08-25_CHOKED_PASS_EDGE1_1,Zach,,,,,Raw,,
,CALVERT,HAKAI,MARINEGEO,2016-08-25,CHOKED_PASS_EDGE2,2,CHOKED_PASS,2016-08-25_CHOKED_PASS_EDGE2_2,Zach,,,,,Raw,,
,CALVERT,HAKAI,MARINEGEO,2016-08-25,CHOKED_PASS_EDGE3,3,CHOKED_PASS,2016-08-25_CHOKED_PASS_EDGE3_3,Zach,,,,,Raw,,
,CALVERT,HAKAI,MARINEGEO,2016-08-25,CHOKED_PASS_EDGE7,7,CHOKED_PASS,2016-08-25_CHOKED_PASS_EDGE7_7,Zach,,,,,Raw,,
,CALVERT,HAKAI,MARINEGEO,2016-08-25,CHOKED_PASS_INTERIOR4,4,CHOKED_PASS,2016-08-25_CHOKED_PASS_INTERIOR4_4,Zach,,,,,Raw,,
,CALVERT,HAKAI,MARINEGEO,2016-08-25,CHOKED_PASS_INTERIOR5,5,CHOKED_PASS,2016-08-25_CHOKED_PASS_INTERIOR5_5,Zach,,,,,Raw,,
,CALVERT,HAKAI,MARINEGEO,2016-08-25,CHOKED_PASS_INTERIOR6,6,CHOKED_PASS,2016-08-25_CHOKED_PASS_INTERIOR6_6,Zach,,,,,Raw,,
,CALVERT,HAKAI,MARINEGEO,2016-08-27,GOOSE_SOUTHWEST_EDGE1,1,GOOSE_SOUTHWEST,2016-08-27_GOOSE_SOUTHWEST_EDGE1_1,Zach,,,,,Raw,,
,CALVERT,HAKAI,MARINEGEO,2016-08-27,GOOSE_SOUTHWEST_EDGE2,2,GOOSE_SOUTHWEST,2016-08-27_GOOSE_SOUTHWEST_EDGE2_2,Zach,,,,,Raw,,
,CALVERT,HAKAI,MARINEGEO,2016-08-27,GOOSE_SOUTHWEST_EDGE3,3,GOOSE_SOUTHWEST,2016-08-27_GOOSE_SOUTHWEST_EDGE3_3,Zach,,,,,Raw,,
,CALVERT,HAKAI,MARINEGEO,2016-08-27,GOOSE_SOUTHWEST_INTERIOR4,4,GOOSE_SOUTHWEST,2016-08-27_GOOSE_SOUTHWEST_INTERIOR4_4,Zach,,,,,Raw,,
,CALVERT,HAKAI,MARINEGEO,2016-08-27,GOOSE_SOUTHWEST_INTERIOR5,5,GOOSE_SOUTHWEST,2016-08-27_GOOSE_SOUTHWEST_INTERIOR5_5,Zach,,,,,Raw,,
,CALVERT,HAKAI,MARINEGEO,2016-08-27,GOOSE_SOUTHWEST_INTERIOR6,6,GOOSE_SOUTHWEST,2016-08-27_GOOSE_SOUTHWEST_INTERIOR6_6,Zach,,,,,Raw,,
,CALVERT,HAKAI,MARINEGEO,2016-09-12,CHOKED_PASS_EDGE1,1,CHOKED_PASS,2016-09-12_CHOKED_PASS_EDGE1_1,Zach,,,,,Raw,,
,CALVERT,HAKAI,MARINEGEO,2016-09-12,CHOKED_PASS_EDGE2,2,CHOKED_PASS,2016-09-12_CHOKED_PASS_EDGE2_2,Zach,,,,,Raw,,
,CALVERT,HAKAI,MARINEGEO,2016-09-12,CHOKED_PASS_EDGE3,3,CHOKED_PASS,2016-09-12_CHOKED_PASS_EDGE3_3,Zach,,,,,Raw,,
,CALVERT,HAKAI,MARINEGEO,2016-09-12,CHOKED_PASS_EDGE7,7,CHOKED_PASS,2016-09-12_CHOKED_PASS_EDGE7_7,Zach,,,,,Raw,,
,CALVERT,HAKAI,MARINEGEO,2016-09-12,CHOKED_PASS_INTERIOR4,4,CHOKED_PASS,2016-09-12_CHOKED_PASS_INTERIOR4_4,Zach,,,,,Raw,,
,CALVERT,HAKAI,MARINEGEO,2016-09-12,CHOKED_PASS_INTERIOR5,5,CHOKED_PASS,2016-09-12_CHOKED_PASS_INTERIOR5_5,Zach,,,,,Raw,,
,CALVERT,HAKAI,MARINEGEO,2016-09-12,CHOKED_PASS_INTERIOR6,6,CHOKED_PASS,2016-09-12_CHOKED_PASS_INTERIOR6_6,Zach,,,,,Raw,,
,CALVERT,HAKAI,MARINEGEO,2016-09-12,PRUTH_BAY_EDGE1,1,PRUTH_BAY,2016-09-12_PRUTH_BAY_EDGE1_1,Zach,,,,,Raw,,
,CALVERT,HAKAI,MARINEGEO,2016-09-12,PRUTH_BAY_EDGE2,2,PRUTH_BAY,2016-09-12_PRUTH_BAY_EDGE2_2,Zach,,,,,Raw,,
,CALVERT,HAKAI,MARINEGEO,2016-09-12,PRUTH_BAY_EDGE3,3,PRUTH_BAY,2016-09-12_PRUTH_BAY_EDGE3_3,Zach,,,,,Raw,,
,CALVERT,HAKAI,MARINEGEO,2016-09-12,PRUTH_BAY_INTERIOR4,4,PRUTH_BAY,2016-09-12_PRUTH_BAY_INTERIOR4_4,Zach,,,,,Raw,,
,CALVERT,HAKAI,MARINEGEO,2016-09-12,PRUTH_BAY_INTERIOR5,5,PRUTH_BAY,2016-09-12_PRUTH_BAY_INTERIOR5_5,Zach,,,,,Raw,,
,CALVERT,HAKAI,MARINEGEO,2016-09-12,PRUTH_BAY_INTERIOR6,6,PRUTH_BAY,2016-09-12_PRUTH_BAY_INTERIOR6_6,Zach,,,,,Raw,,
,CALVERT,HAKAI,MARINEGEO,2016-11-13,PRUTH_BAY_EDGE1,1,PRUTH_BAY,2016-11-13_PRUTH_BAY_EDGE1_1,zach;Zach,,,,,Raw,,
,CALVERT,HAKAI,MARINEGEO,2016-11-13,PRUTH_BAY_EDGE2,2,PRUTH_BAY,2016-11-13_PRUTH_BAY_EDGE2_2,zach;Zach,,,,,Raw,,
,CALVERT,HAKAI,MARINEGEO,2016-11-13,PRUTH_BAY_EDGE3,3,PRUTH_BAY,2016-11-13_PRUTH_BAY_EDGE3_3,zach;Zach,,,,,Raw,,
,CALVERT,HAKAI,MARINEGEO,2016-11-13,PRUTH_BAY_INTERIOR4,4,PRUTH_BAY,2016-11-13_PRUTH_BAY_INTERIOR4_4,zach;Zach,,,,,Raw,,
,CALVERT,HAKAI,MARINEGEO,2016-11-13,PRUTH_BAY_INTERIOR5,5,PRUTH_BAY,2016-11-13_PRUTH_BAY_INTERIOR5_5,zach;Zach,,,,,Raw,,
,CALVERT,HAKAI,MARINEGEO,2016-11-13,PRUTH_BAY_INTERIOR6,6,PRUTH_BAY,2016-11-13_PRUTH_BAY_INTERIOR6_6,zach,,,,,Raw,,
,CALVERT,HAKAI,MARINEGEO,2016-11-14,CHOKED_PASS_EDGE1,1,CHOKED_PASS,2016-11-14_CHOKED_PASS_EDGE1_1,derek;kyle,,,,,Raw,,
,CALVERT,HAKAI,MARINEGEO,2016-11-14,CHOKED_PASS_EDGE2,2,CHOKED_PASS,2016-11-14_CHOKED_PASS_EDGE2_2,derek;Derek;kyle;Kyle,,,,,Raw,,
,CALVERT,HAKAI,MARINEGEO,2016-11-14,CHOKED_PASS_EDGE3,3,CHOKED_PASS,2016-11-14_CHOKED_PASS_EDGE3_3,derek;Derek;kyle;Kyle,,,,,Raw,,
,CALVERT,HAKAI,MARINEGEO,2016-11-14,CHOKED_PASS_EDGE7,7,CHOKED_PASS,2016-11-14_CHOKED_PASS_EDGE7_7,derek;Derek;kyle;Kyle,,,,,Raw,,
,CALVERT,HAKAI,MARINEGEO,2016-11-14,CHOKED_PASS_INTERIOR4,4,CHOKED_PASS,2016-11-14_CHOKED_PASS_INTERIOR4_4,derek;Derek;kyle;Kyle,,,,,Raw,,
,CALVERT,HAKAI,MARINEGEO,2016-11-14,CHOKED_PASS_INTERIOR5,5,CHOKED_PASS,2016-11-14_CHOKED_PASS_INTERIOR5_5,derek;Derek;kyle;Kyle,,,,,Raw,,
,CALVERT,HAKAI,MARINEGEO,2016-11-14,CHOKED_PASS_INTERIOR6,6,CHOKED_PASS,2016-11-14_CHOKED_PASS_INTERIOR6_6,derek;Derek;kyle;Kyle,,,,,Raw,,
,CALVERT,HAKAI,MARINEGEO,2017-02-23,PRUTH_BAY_EDGE1,1,PRUTH_BAY,2017-02-23_PRUTH_BAY_EDGE1_1,Gillian,,,,,Raw,,
,CALVERT,HAKAI,MARINEGEO,2017-02-23,PRUTH_BAY_EDGE2,2,PRUTH_BAY,2017-02-23_PRUTH_BAY_EDGE2_2,Gillian,,,,,Raw,,
,CALVERT,HAKAI,MARINEGEO,2017-02-23,PRUTH_BAY_EDGE3,3,PRUTH_BAY,2017-02-23_PRUTH_BAY_EDGE3_3,Gillian,,,,,Raw,,
,CALVERT,HAKAI,MARINEGEO,2017-02-23,PRUTH_BAY_INTERIOR4,4,PRUTH_BAY,2017-02-23_PRUTH_BAY_INTERIOR4_4,Gillian,,,,,Raw,,
,CALVERT,HAKAI,MARINEGEO,2017-02-23,PRUTH_BAY_INTERIOR5,5,PRUTH_BAY,2017-02-23_PRUTH_BAY_INTERIOR5_5,Gillian,,,,,Raw,,
,CALVERT,HAKAI,MARINEGEO,2017-02-23,PRUTH_BAY_INTERIOR6,6,PRUTH_BAY,2017-02-23_PRUTH_BAY_INTERIOR6_6,Gillian,,,,,Raw,,
,CALVERT,HAKAI,MARINEGEO,2017-02-24,CHOKED_PASS_EDGE1,1,CHOKED_PASS,2017-02-24_CHOKED_PASS_EDGE1_1,Gillian,,,,,Raw,,
,CALVERT,HAKAI,MARINEGEO,2017-02-24,CHOKED_PASS_EDGE2,2,CHOKED_PASS,2017-02-24_CHOKED_PASS_EDGE2_2,Gillian,,,,,Raw,,
,CALVERT,HAKAI,MARINEGEO,2017-02-24,CHOKED_PASS_EDGE3,3,CHOKED_PASS,2017-02-24_CHOKED_PASS_EDGE3_3,Gillian,,,,,Raw,,
,CALVERT,HAKAI,MARINEGEO,2017-02-24,CHOKED_PASS_EDGE7,7,CHOKED_PASS,2017-02-24_CHOKED_PASS_EDGE7_7,Gillian,,,,,Raw,,
,CALVERT,HAKAI,MARINEGEO,2017-02-24,CHOKED_PASS_INTERIOR4,4,CHOKED_PASS,2017-02-24_CHOKED_PASS_INTERIOR4_4,Gillian,,,,,Raw,,
,CALVERT,HAKAI,MARINEGEO,2017-02-24,CHOKED_PASS_INTERIOR5,5,CHOKED_PASS,2017-02-24_CHOKED_PASS_INTERIOR5_5,Gillian,,,,,Raw,,
,CALVERT,HAKAI,MARINEGEO,2017-02-24,CHOKED_PASS_INTERIOR6,6,CHOKED_PASS,2017-02-24_CHOKED_PASS_INTERIOR6_6,Gillian,,,,,Raw,,
,CALVERT,HAKAI,MARINEGEO,2017-02-25,PRUTH_BAY_EDGE1,1,PRUTH_BAY,2017-02-25_PRUTH_BAY_EDGE1_1,Gillian,,,,,Raw,,
,CALVERT,HAKAI,MARINEGEO,2017-02-25,PRUTH_BAY_EDGE2,2,PRUTH_BAY,2017-02-25_PRUTH_BAY_EDGE2_2,Gillian,,,,,Raw,,
,CALVERT,HAKAI,MARINEGEO,2017-02-25,PRUTH_BAY_EDGE3,3,PRUTH_BAY,2017-02-25_PRUTH_BAY_EDGE3_3,Gillian,,,,,Raw,,
,CALVERT,HAKAI,MARINEGEO,2017-02-25,PRUTH_BAY_INTERIOR4,4,PRUTH_BAY,2017-02-25_PRUTH_BAY_INTERIOR4_4,Gillian,,,,,Raw,,
,CALVERT,HAKAI,MARINEGEO,2017-02-25,PRUTH_BAY_INTERIOR5,5,PRUTH_BAY,2017-02-25_PRUTH_BAY_INTERIOR5_5,Gillian,,,,,Raw,,
,CALVERT,HAKAI,MARINEGEO,2017-02-25,PRUTH_BAY_INTERIOR6,6,PRUTH_BAY,2017-02-25_PRUTH_BAY_INTERIOR6_6,Gillian,,,,,Raw,,
,CALVERT,HAKAI,MARINEGEO,2017-02-26,CHOKED_PASS_EDGE1,1,CHOKED_PASS,2017-02-26_CHOKED_PASS_EDGE1_1,Derek,,,,,Raw,,
,CALVERT,HAKAI,MARINEGEO,2017-02-26,CHOKED_PASS_EDGE2,2,CHOKED_PASS,2017-02-26_CHOKED_PASS_EDGE2_2,Derek,,,,,Raw,,
,CALVERT,HAKAI,MARINEGEO,2017-02-26,CHOKED_PASS_EDGE3,3,CHOKED_PASS,2017-02-26_CHOKED_PASS_EDGE3_3,Derek,,,,,Raw,,
,CALVERT,HAKAI,MARINEGEO,2017-02-26,CHOKED_PASS_EDGE7,7,CHOKED_PASS,2017-02-26_CHOKED_PASS_EDGE7_7,Derek,,,,,Raw,,
,CALVERT,HAKAI,MARINEGEO,2017-02-26,CHOKED_PASS_INTERIOR4,4,CHOKED_PASS,2017-02-26_CHOKED_PASS_INTERIOR4_4,Derek,,,,,Raw,,
,CALVERT,HAKAI,MARINEGEO,2017-02-26,CHOKED_PASS_INTERIOR5,5,CHOKED_PASS,2017-02-26_CHOKED_PASS_INTERIOR5_5,Derek,,,,,Raw,,
,CALVERT,HAKAI,MARINEGEO,2017-02-26,CHOKED_PASS_INTERIOR6,6,CHOKED_PASS,2017-02-26_CHOKED_PASS_INTERIOR6_6,Derek,,,,,Raw,,
,CALVERT,HAKAI,MARINEGEO,2017-05-19,CHOKED_PASS_EDGE1,1,CHOKED_PASS,2017-05-19_CHOKED_PASS_EDGE1_1,gillian;gillian.sadlierbrown,,,,,Raw,,
,CALVERT,HAKAI,MARINEGEO,2017-05-19,CHOKED_PASS_EDGE2,2,CHOKED_PASS,2017-05-19_CHOKED_PASS_EDGE2_2,gillian;gillian.sadlierbrown,,,,,Raw,,
,CALVERT,HAKAI,MARINEGEO,2017-05-19,CHOKED_PASS_EDGE3,3,CHOKED_PASS,2017-05-19_CHOKED_PASS_EDGE3_3,gillian;gillian.sadlierbrown,,,,,Raw,,
,CALVERT,HAKAI,MARINEGEO,2017-05-19,CHOKED_PASS_EDGE7,7,CHOKED_PASS,2017-05-19_CHOKED_PASS_EDGE7_7,gillian;gillian.sadlierbrown,,,,,Raw,,
,CALVERT,HAKAI,MARINEGEO,2017-05-19,CHOKED_PASS_INTERIOR4,4,CHOKED_PASS,2017-05-19_CHOKED_PASS_INTERIOR4_4,gillian;gillian.sadlierbrown,,,,,Raw,,
,CALVERT,HAKAI,MARINEGEO,2017-05-19,CHOKED_PASS_INTERIOR5,5,CHOKED_PASS,2017-05-19_CHOKED_PASS_INTERIOR5_5,gillian;gillian.sadlierbrown,,,,,Raw,,
,CALVERT,HAKAI,MARINEGEO,2017-05-19,CHOKED_PASS_INTERIOR6,6,CHOKED_PASS,2017-05-19_CHOKED_PASS_INTERIOR6_6,gillian;gillian.sadlierbrown,,,,,Raw,,
,CALVERT,HAKAI,MARINEGEO,2017-05-19,PRUTH_BAY_EDGE1,1,PRUTH_BAY,2017-05-19_PRUTH_BAY_EDGE1_1,angeleen;angeleen.olson,,,,,Raw,,
,CALVERT,HAKAI,MARINEGEO,2017-05-19,PRUTH_BAY_EDGE2,2,PRUTH_BAY,2017-05-19_PRUTH_BAY_EDGE2_2,angeleen;angeleen.olson,,,,,Raw,,
,CALVERT,HAKAI,MARINEGEO,2017-05-19,PRUTH_BAY_EDGE3,3,PRUTH_BAY,2017-05-19_PRUTH_BAY_EDGE3_3,angeleen;angeleen.olson,,,,,Raw,,
,CALVERT,HAKAI,MARINEGEO,2017-05-19,PRUTH_BAY_INTERIOR4,1,PRUTH_BAY,2017-05-19_PRUTH_BAY_INTERIOR4_1,angeleen.olson,,,,,Raw,,
,CALVERT,HAKAI,MARINEGEO,2017-05-19,PRUTH_BAY_INTERIOR4,4,PRUTH_BAY,2017-05-19_PRUTH_BAY_INTERIOR4_4,angeleen;angeleen.olson,,,,,Raw,,
,CALVERT,HAKAI,MARINEGEO,2017-05-19,PRUTH_BAY_INTERIOR5,5,PRUTH_BAY,2017-05-19_PRUTH_BAY_INTERIOR5_5,angeleen;angeleen.olson,,,,,Raw,,
,CALVERT,HAKAI,MARINEGEO,2017-05-19,PRUTH_BAY_INTERIOR6,6,PRUTH_BAY,2017-05-19_PRUTH_BAY_INTERIOR6_6,angeleen;angeleen.olson,,,,,Raw,,
,CALVERT,HAKAI,MARINEGEO,2017-05-21,KOEYE_ESTUARY_EDGE1,1,KOEYE_ESTUARY,2017-05-21_KOEYE_ESTUARY_EDGE1_1,angeleen;gillian,,,,,Raw,,
,CALVERT,HAKAI,MARINEGEO,2017-05-21,KOEYE_ESTUARY_EDGE2,2,KOEYE_ESTUARY,2017-05-21_KOEYE_ESTUARY_EDGE2_2,angeleen;gillian,,,,,Raw,,
,CALVERT,HAKAI,MARINEGEO,2017-05-21,KOEYE_ESTUARY_EDGE3,3,KOEYE_ESTUARY,2017-05-21_KOEYE_ESTUARY_EDGE3_3,angeleen;gillian,,,,,Raw,,
,CALVERT,HAKAI,MARINEGEO,2017-05-21,KOEYE_ESTUARY_INTERIOR4,4,KOEYE_ESTUARY,2017-05-21_KOEYE_ESTUARY_INTERIOR4_4,angeleen;gillian,,,,,Raw,,
,CALVERT,HAKAI,MARINEGEO,2017-05-21,KOEYE_ESTUARY_INTERIOR5,5,KOEYE_ESTUARY,2017-05-21_KOEYE_ESTUARY_INTERIOR5_5,angeleen;gillian,,,,,Raw,,
,CALVERT,HAKAI,MARINEGEO,2017-05-21,KOEYE_ESTUARY_INTERIOR6,6,KOEYE_ESTUARY,2017-05-21_KOEYE_ESTUARY_INTERIOR6_6,angeleen;gillian,,,,,Raw,,
,CALVERT,HAKAI,MARINEGEO,2017-06-11,CHOKED_PASS_EDGE1,1,CHOKED_PASS,2017-06-11_CHOKED_PASS_EDGE1_1,gillian,,,,,Raw,,
,CALVERT,HAKAI,MARINEGEO,2017-06-11,CHOKED_PASS_EDGE2,2,CHOKED_PASS,2017-06-11_CHOKED_PASS_EDGE2_2,gillian,,,,,Raw,,
,CALVERT,HAKAI,MARINEGEO,2017-06-11,CHOKED_PASS_EDGE3,3,CHOKED_PASS,2017-06-11_CHOKED_PASS_EDGE3_3,gillian,,,,,Raw,,
,CALVERT,HAKAI,MARINEGEO,2017-06-11,CHOKED_PASS_EDGE7,7,CHOKED_PASS,2017-06-11_CHOKED_PASS_EDGE7_7,gillian,,,,,Raw,,
,CALVERT,HAKAI,MARINEGEO,2017-06-11,CHOKED_PASS_INTERIOR4,4,CHOKED_PASS,2017-06-11_CHOKED_PASS_INTERIOR4_4,gillian,,,,,Raw,,
,CALVERT,HAKAI,MARINEGEO,2017-06-11,CHOKED_PASS_INTERIOR5,5,CHOKED_PASS,2017-06-11_CHOKED_PASS_INTERIOR5_5,gillian,,,,,Raw,,
,CALVERT,HAKAI,MARINEGEO,2017-06-11,CHOKED_PASS_INTERIOR6,6,CHOKED_PASS,2017-06-11_CHOKED_PASS_INTERIOR6_6,gillian,,,,,Raw,,
,CALVERT,HAKAI,MARINEGEO,2017-06-12,CHOKED_PASS_EDGE1,1,CHOKED_PASS,2017-06-12_CHOKED_PASS_EDGE1_1,gillian,,,,,Raw,,
,CALVERT,HAKAI,MARINEGEO,2017-06-12,CHOKED_PASS_EDGE2,2,CHOKED_PASS,2017-06-12_CHOKED_PASS_EDGE2_2,gillian,,,,,Raw,,
,CALVERT,HAKAI,MARINEGEO,2017-06-12,CHOKED_PASS_EDGE3,3,CHOKED_PASS,2017-06-12_CHOKED_PASS_EDGE3_3,gillian,,,,,Raw,,
,CALVERT,HAKAI,MARINEGEO,2017-06-12,CHOKED_PASS_EDGE7,7,CHOKED_PASS,2017-06-12_CHOKED_PASS_EDGE7_7,gillian,,,,,Raw,,
,CALVERT,HAKAI,MARINEGEO,2017-06-12,CHOKED_PASS_INTERIOR4,4,CHOKED_PASS,2017-06-12_CHOKED_PASS_INTERIOR4_4,gillian,,,,,Raw,,
,CALVERT,HAKAI,MARINEGEO,2017-06-12,CHOKED_PASS_INTERIOR5,5,CHOKED_PASS,2017-06-12_CHOKED_PASS_INTERIOR5_5,gillian,,,,,Raw,,
,CALVERT,HAKAI,MARINEGEO,2017-06-12,CHOKED_PASS_INTERIOR6,6,CHOKED_PASS,2017-06-12_CHOKED_PASS_INTERIOR6_6,gillian,,,,,Raw,,
,CALVERT,HAKAI,MARINEGEO,2017-06-12,KOEYE_ESTUARY_EDGE1,1,KOEYE_ESTUARY,2017-06-12_KOEYE_ESTUARY_EDGE1_1,gillian,,,,,Raw,,
,CALVERT,HAKAI,MARINEGEO,2017-06-12,KOEYE_ESTUARY_EDGE2,2,KOEYE_ESTUARY,2017-06-12_KOEYE_ESTUARY_EDGE2_2,gillian,,,,,Raw,,
,CALVERT,HAKAI,MARINEGEO,2017-06-12,KOEYE_ESTUARY_EDGE3,3,KOEYE_ESTUARY,2017-06-12_KOEYE_ESTUARY_EDGE3_3,gillian,,,,,Raw,,
,CALVERT,HAKAI,MARINEGEO,2017-06-12,KOEYE_ESTUARY_INTERIOR4,4,KOEYE_ESTUARY,2017-06-12_KOEYE_ESTUARY_INTERIOR4_4,gillian,,,,,Raw,,
,CALVERT,HAKAI,MARINEGEO,2017-06-12,KOEYE_ESTUARY_INTERIOR5,5,KOEYE_ESTUARY,2017-06-12_KOEYE_ESTUARY_INTERIOR5_5,gillian,,,,,Raw,,
,CALVERT,HAKAI,MARINEGEO,2017-06-12,KOEYE_ESTUARY_INTERIOR6,6,KOEYE_ESTUARY,2017-06-12_KOEYE_ESTUARY_INTERIOR6_6,gillian,,,,,Raw,,
,CALVERT,HAKAI,MARINEGEO,2017-06-13,PRUTH_BAY_EDGE1,1,PRUTH_BAY,2017-06-13_PRUTH_BAY_EDGE1_1,gillian,,,,,Raw,,
,CALVERT,HAKAI,MARINEGEO,2017-06-13,PRUTH_BAY_EDGE2,2,PRUTH_BAY,2017-06-13_PRUTH_BAY_EDGE2_2,gillian,,,,,Raw,,
,CALVERT,HAKAI,MARINEGEO,2017-06-13,PRUTH_BAY_EDGE3,3,PRUTH_BAY,2017-06-13_PRUTH_BAY_EDGE3_3,gillian,,,,,Raw,,
,CALVERT,HAKAI,MARINEGEO,2017-06-13,PRUTH_BAY_INTERIOR4,4,PRUTH_BAY,2017-06-13_PRUTH_BAY_INTERIOR4_4,gillian,,,,,Raw,,
,CALVERT,HAKAI,MARINEGEO,2017-06-13,PRUTH_BAY_INTERIOR5,5,PRUTH_BAY,2017-06-13_PRUTH_BAY_INTERIOR5_5,gillian,,,,,Raw,,
,CALVERT,HAKAI,MARINEGEO,2017-06-13,PRUTH_BAY_INTERIOR6,6,PRUTH_BAY,2017-06-13_PRUTH_BAY_INTERIOR6_6,gillian,,,,,Raw,,
,CALVERT,HAKAI,MARINEGEO,2017-07-03,PRUTH_BAY_EDGE1,1,PRUTH_BAY,2017-07-03_PRUTH_BAY_EDGE1_1,angeleen,,,,,Raw,,
,CALVERT,HAKAI,MARINEGEO,2017-07-03,PRUTH_BAY_EDGE2,2,PRUTH_BAY,2017-07-03_PRUTH_BAY_EDGE2_2,angeleen,,,,,Raw,,
,CALVERT,HAKAI,MARINEGEO,2017-07-03,PRUTH_BAY_EDGE3,3,PRUTH_BAY,2017-07-03_PRUTH_BAY_EDGE3_3,angeleen,,,,,Raw,,
,CALVERT,HAKAI,MARINEGEO,2017-07-03,PRUTH_BAY_INTERIOR4,4,PRUTH_BAY,2017-07-03_PRUTH_BAY_INTERIOR4_4,angeleen,,,,,Raw,,
,CALVERT,HAKAI,MARINEGEO,2017-07-03,PRUTH_BAY_INTERIOR5,5,PRUTH_BAY,2017-07-03_PRUTH_BAY_INTERIOR5_5,angeleen,,,,,Raw,,
,CALVERT,HAKAI,MARINEGEO,2017-07-03,PRUTH_BAY_INTERIOR6,6,PRUTH_BAY,2017-07-03_PRUTH_BAY_INTERIOR6_6,angeleen,,,,,Raw,,
,CALVERT,HAKAI,MARINEGEO,2017-07-05,KOEYE_ESTUARY_EDGE1,1,KOEYE_ESTUARY,2017-07-05_KOEYE_ESTUARY_EDGE1_1,gillian,,,,,Raw,,
,CALVERT,HAKAI,MARINEGEO,2017-07-05,KOEYE_ESTUARY_EDGE2,2,KOEYE_ESTUARY,2017-07-05_KOEYE_ESTUARY_EDGE2_2,gillian,,,,,Raw,,
,CALVERT,HAKAI,MARINEGEO,2017-07-05,KOEYE_ESTUARY_INTERIOR4,4,KOEYE_ESTUARY,2017-07-05_KOEYE_ESTUARY_INTERIOR4_4,gillian,,,,,Raw,,
,CALVERT,HAKAI,MARINEGEO,2017-07-06,CHOKED_PASS_EDGE1,1,CHOKED_PASS,2017-07-06_CHOKED_PASS_EDGE1_1,gillian,,,,,Raw,,
,CALVERT,HAKAI,MARINEGEO,2017-07-06,CHOKED_PASS_EDGE2,2,CHOKED_PASS,2017-07-06_CHOKED_PASS_EDGE2_2,gillian,,,,,Raw,,
,CALVERT,HAKAI,MARINEGEO,2017-07-06,CHOKED_PASS_EDGE3,3,CHOKED_PASS,2017-07-06_CHOKED_PASS_EDGE3_3,gillian,,,,,Raw,,
,CALVERT,HAKAI,MARINEGEO,2017-07-06,CHOKED_PASS_EDGE7,7,CHOKED_PASS,2017-07-06_CHOKED_PASS_EDGE7_7,gillian,,,,,Raw,,
,CALVERT,HAKAI,MARINEGEO,2017-07-06,CHOKED_PASS_INTERIOR4,4,CHOKED_PASS,2017-07-06_CHOKED_PASS_INTERIOR4_4,gillian,,,,,Raw,,
,CALVERT,HAKAI,MARINEGEO,2017-07-06,CHOKED_PASS_INTERIOR5,5,CHOKED_PASS,2017-07-06_CHOKED_PASS_INTERIOR5_5,gillian,,,,,Raw,,
,CALVERT,HAKAI,MARINEGEO,2017-07-06,CHOKED_PASS_INTERIOR6,6,CHOKED_PASS,2017-07-06_CHOKED_PASS_INTERIOR6_6,gillian,,,,,Raw,,
,CALVERT,HAKAI,MARINEGEO,2017-07-08,KOEYE_ESTUARY_EDGE3,3,KOEYE_ESTUARY,2017-07-08_KOEYE_ESTUARY_EDGE3_3,angeleen;gillian;zach,,,,,Raw,,
,CALVERT,HAKAI,MARINEGEO,2017-07-08,KOEYE_ESTUARY_INTERIOR5,5,KOEYE_ESTUARY,2017-07-08_KOEYE_ESTUARY_INTERIOR5_5,gillian,,,,,Raw,,
,CALVERT,HAKAI,MARINEGEO,2017-07-08,KOEYE_ESTUARY_INTERIOR6,6,KOEYE_ESTUARY,2017-07-08_KOEYE_ESTUARY_INTERIOR6_6,angeleen;zach,,,,,Raw,,
,CALVERT,HAKAI,MARINEGEO,2017-07-08,TRIQUET_BAY_EDGE2,2,TRIQUET_BAY,2017-07-08_TRIQUET_BAY_EDGE2_2,angeleen,,,,,Raw,,
,CALVERT,HAKAI,MARINEGEO,2017-08-24,PRUTH_BAY_EDGE1,1,PRUTH_BAY,2017-08-24_PRUTH_BAY_EDGE1_1,angeleen;carolyn,,,,,Raw,,
,CALVERT,HAKAI,MARINEGEO,2017-08-24,PRUTH_BAY_EDGE2,2,PRUTH_BAY,2017-08-24_PRUTH_BAY_EDGE2_2,angeleen;carolyn,,,,,Raw,,
,CALVERT,HAKAI,MARINEGEO,2017-08-24,PRUTH_BAY_EDGE3,3,PRUTH_BAY,2017-08-24_PRUTH_BAY_EDGE3_3,angeleen;carolyn,,,,,Raw,,
,CALVERT,HAKAI,MARINEGEO,2017-08-24,PRUTH_BAY_INTERIOR4,4,PRUTH_BAY,2017-08-24_PRUTH_BAY_INTERIOR4_4,angeleen;carolyn,,,,,Raw,,
,CALVERT,HAKAI,MARINEGEO,2017-08-24,PRUTH_BAY_INTERIOR5,5,PRUTH_BAY,2017-08-24_PRUTH_BAY_INTERIOR5_5,angeleen;carolyn,,,,,Raw,,
,CALVERT,HAKAI,MARINEGEO,2017-08-24,PRUTH_BAY_INTERIOR6,6,PRUTH_BAY,2017-08-24_PRUTH_BAY_INTERIOR6_6,angeleen;carolyn,,,,,Raw,,
,CALVERT,HAKAI,MARINEGEO,2017-08-25,CHOKED_PASS_EDGE1,1,CHOKED_PASS,2017-08-25_CHOKED_PASS_EDGE1_1,angeleen;carolyn,,,,,Raw,,
,CALVERT,HAKAI,MARINEGEO,2017-08-25,CHOKED_PASS_EDGE2,2,CHOKED_PASS,2017-08-25_CHOKED_PASS_EDGE2_2,angeleen;carolyn,,,,,Raw,,
,CALVERT,HAKAI,MARINEGEO,2017-08-25,CHOKED_PASS_EDGE3,3,CHOKED_PASS,2017-08-25_CHOKED_PASS_EDGE3_3,angeleen;carolyn,,,,,Raw,,
,CALVERT,HAKAI,MARINEGEO,2017-08-25,CHOKED_PASS_EDGE7,7,CHOKED_PASS,2017-08-25_CHOKED_PASS_EDGE7_7,angeleen;carolyn,,,,,Raw,,
,CALVERT,HAKAI,MARINEGEO,2017-08-25,CHOKED_PASS_INTERIOR4,4,CHOKED_PASS,2017-08-25_CHOKED_PASS_INTERIOR4_4,angeleen;carolyn,,,,,Raw,,
,CALVERT,HAKAI,MARINEGEO,2017-08-25,CHOKED_PASS_INTERIOR5,5,CHOKED_PASS,2017-08-25_CHOKED_PASS_INTERIOR5_5,angeleen;carolyn,,,,,Raw,,
,CALVERT,HAKAI,MARINEGEO,2017-08-25,CHOKED_PASS_INTERIOR6,6,CHOKED_PASS,2017-08-25_CHOKED_PASS_INTERIOR6_6,angeleen;carolyn,,,,,Raw,,
,CALVERT,HAKAI,MARINEGEO,2017-08-27,TRIQUET_BAY_EDGE1,1,TRIQUET_BAY,2017-08-27_TRIQUET_BAY_EDGE1_1,angeleen;carolyn,,,,,Raw,,
,CALVERT,HAKAI,MARINEGEO,2017-08-27,TRIQUET_BAY_EDGE2,2,TRIQUET_BAY,2017-08-27_TRIQUET_BAY_EDGE2_2,angeleen;carolyn,,,,,Raw,,
,CALVERT,HAKAI,MARINEGEO,2017-08-27,TRIQUET_BAY_EDGE3,3,TRIQUET_BAY,2017-08-27_TRIQUET_BAY_EDGE3_3,angeleen;carolyn,,,,,Raw,,
,CALVERT,HAKAI,MARINEGEO,2017-08-27,TRIQUET_BAY_INTERIOR4,4,TRIQUET_BAY,2017-08-27_TRIQUET_BAY_INTERIOR4_4,angeleen;carolyn,,,,,Raw,,
,CALVERT,HAKAI,MARINEGEO,2017-08-27,TRIQUET_BAY_INTERIOR5,5,TRIQUET_BAY,2017-08-27_TRIQUET_BAY_INTERIOR5_5,angeleen;carolyn,,,,,Raw,,
,CALVERT,HAKAI,MARINEGEO,2017-08-27,TRIQUET_BAY_INTERIOR6,6,TRIQUET_BAY,2017-08-27_TRIQUET_BAY_INTERIOR6_6,angeleen;carolyn,,,,,Raw,,
,CALVERT,HAKAI,MARINEGEO,2017-08-28,TRIQUET_NORTH_EDGE1,1,TRIQUET_NORTH,2017-08-28_TRIQUET_NORTH_EDGE1_1,angeleen;gillian,,,,,Raw,,
,CALVERT,HAKAI,MARINEGEO,2017-08-28,TRIQUET_NORTH_EDGE2,2,TRIQUET_NORTH,2017-08-28_TRIQUET_NORTH_EDGE2_2,angeleen;gillian,,,,,Raw,,
,CALVERT,HAKAI,MARINEGEO,2017-08-28,TRIQUET_NORTH_EDGE3,3,TRIQUET_NORTH,2017-08-28_TRIQUET_NORTH_EDGE3_3,angeleen;gillian,,,,,Raw,,
,CALVERT,HAKAI,MARINEGEO,2017-08-28,TRIQUET_NORTH_INTERIOR4,4,TRIQUET_NORTH,2017-08-28_TRIQUET_NORTH_INTERIOR4_4,angeleen;gillian,,,,,Raw,,
,CALVERT,HAKAI,MARINEGEO,2017-08-28,TRIQUET_NORTH_INTERIOR5,5,TRIQUET_NORTH,2017-08-28_TRIQUET_NORTH_INTERIOR5_5,angeleen;gillian,,,,,Raw,,
,CALVERT,HAKAI,MARINEGEO,2017-08-28,TRIQUET_NORTH_INTERIOR6,6,TRIQUET_NORTH,2017-08-28_TRIQUET_NORTH_INTERIOR6_6,angeleen;gillian,,,,,Raw,,
,CALVERT,HAKAI,MARINEGEO,2017-08-29,MCMULLIN_NORTH_EDGE1,1,MCMULLIN_NORTH,2017-08-29_MCMULLIN_NORTH_EDGE1_1,angeleen,,,,,Raw,,
,CALVERT,HAKAI,MARINEGEO,2017-08-29,MCMULLIN_NORTH_EDGE2,2,MCMULLIN_NORTH,2017-08-29_MCMULLIN_NORTH_EDGE2_2,angeleen,,,,,Raw,,
,CALVERT,HAKAI,MARINEGEO,2017-08-29,MCMULLIN_NORTH_EDGE3,3,MCMULLIN_NORTH,2017-08-29_MCMULLIN_NORTH_EDGE3_3,angeleen,,,,,Raw,,
,CALVERT,HAKAI,MARINEGEO,2017-08-29,MCMULLIN_NORTH_INTERIOR4,4,MCMULLIN_NORTH,2017-08-29_MCMULLIN_NORTH_INTERIOR4_4,angeleen,,,,,Raw,,
,CALVERT,HAKAI,MARINEGEO,2017-08-29,MCMULLIN_NORTH_INTERIOR5,5,MCMULLIN_NORTH,2017-08-29_MCMULLIN_NORTH_INTERIOR5_5,angeleen,,,,,Raw,,
,CALVERT,HAKAI,MARINEGEO,2017-08-29,MCMULLIN_NORTH_INTERIOR6,6,MCMULLIN_NORTH,2017-08-29_MCMULLIN_NORTH_INTERIOR6_6,angeleen,,,,,Raw,,
,CALVERT,HAKAI,MARINEGEO,2017-08-30,MCMULLIN_SOUTH_EDGE1,1,MCMULLIN_SOUTH,2017-08-30_MCMULLIN_SOUTH_EDGE1_1,gillian,,,,,Raw,,
,CALVERT,HAKAI,MARINEGEO,2017-08-30,MCMULLIN_SOUTH_EDGE2,2,MCMULLIN_SOUTH,2017-08-30_MCMULLIN_SOUTH_EDGE2_2,gillian,,,,,Raw,,
,CALVERT,HAKAI,MARINEGEO,2017-08-30,MCMULLIN_SOUTH_EDGE3,3,MCMULLIN_SOUTH,2017-08-30_MCMULLIN_SOUTH_EDGE3_3,gillian,,,,,Raw,,
,CALVERT,HAKAI,MARINEGEO,2017-08-30,MCMULLIN_SOUTH_INTERIOR4,4,MCMULLIN_SOUTH,2017-08-30_MCMULLIN_SOUTH_INTERIOR4_4,gillian,,,,,Raw,,
,CALVERT,HAKAI,MARINEGEO,2017-08-30,MCMULLIN_SOUTH_INTERIOR5,5,MCMULLIN_SOUTH,2017-08-30_MCMULLIN_SOUTH_INTERIOR5_5,gillian,,,,,Raw,,
,CALVERT,HAKAI,MARINEGEO,2017-08-30,MCMULLIN_SOUTH_INTERIOR6,6,MCMULLIN_SOUTH,2017-08-30_MCMULLIN_SOUTH_INTERIOR6_6,gillian,,,,,Raw,,
,CALVERT,HAKAI,MARINEGEO,2017-09-01,KOEYE_ESTUARY_EDGE1,1,KOEYE_ESTUARY,2017-09-01_KOEYE_ESTUARY_EDGE1_1,angeleen;gillian,,,,,Raw,,
,CALVERT,HAKAI,MARINEGEO,2017-09-01,KOEYE_ESTUARY_EDGE2,2,KOEYE_ESTUARY,2017-09-01_KOEYE_ESTUARY_EDGE2_2,gillian,,,,,Raw,,
,CALVERT,HAKAI,MARINEGEO,2017-09-01,KOEYE_ESTUARY_EDGE3,3,KOEYE_ESTUARY,2017-09-01_KOEYE_ESTUARY_EDGE3_3,gillian,,,,,Raw,,
,CALVERT,HAKAI,MARINEGEO,2017-09-01,KOEYE_ESTUARY_INTERIOR4,4,KOEYE_ESTUARY,2017-09-01_KOEYE_ESTUARY_INTERIOR4_4,gillian,,,,,Raw,,
,CALVERT,HAKAI,MARINEGEO,2017-09-01,KOEYE_ESTUARY_INTERIOR5,5,KOEYE_ESTUARY,2017-09-01_KOEYE_ESTUARY_INTERIOR5_5,angeleen;gillian,,,,,Raw,,
,CALVERT,HAKAI,MARINEGEO,2017-09-01,KOEYE_ESTUARY_INTERIOR6,6,KOEYE_ESTUARY,2017-09-01_KOEYE_ESTUARY_INTERIOR6_6,gillian,,,,,Raw,,
,CALVERT,HAKAI,MARINEGEO,2017-09-03,GOOSE_SOUTHWEST_EDGE1,1,GOOSE_SOUTHWEST,2017-09-03_GOOSE_SOUTHWEST_EDGE1_1,carolyn;krystal,,,,,Raw,,
,CALVERT,HAKAI,MARINEGEO,2017-09-03,GOOSE_SOUTHWEST_EDGE2,2,GOOSE_SOUTHWEST,2017-09-03_GOOSE_SOUTHWEST_EDGE2_2,carolyn;krystal,,,,,Raw,,
,CALVERT,HAKAI,MARINEGEO,2017-09-03,GOOSE_SOUTHWEST_EDGE3,3,GOOSE_SOUTHWEST,2017-09-03_GOOSE_SOUTHWEST_EDGE3_3,carolyn;krystal,,,,,Raw,,
,CALVERT,HAKAI,MARINEGEO,2017-09-03,GOOSE_SOUTHWEST_INTERIOR4,4,GOOSE_SOUTHWEST,2017-09-03_GOOSE_SOUTHWEST_INTERIOR4_4,carolyn;krystal,,,,,Raw,,
,CALVERT,HAKAI,MARINEGEO,2017-09-03,GOOSE_SOUTHWEST_INTERIOR5,5,GOOSE_SOUTHWEST,2017-09-03_GOOSE_SOUTHWEST_INTERIOR5_5,carolyn;krystal,,,,,Raw,,
,CALVERT,HAKAI,MARINEGEO,2017-09-03,GOOSE_SOUTHWEST_INTERIOR6,6,GOOSE_SOUTHWEST,2017-09-03_GOOSE_SOUTHWEST_INTERIOR6_6,carolyn;krystal,,,,,Raw,,
,CALVERT,HAKAI,MARINEGEO,2017-09-04,GOOSE_SOUTHEAST_EDGE1,1,GOOSE_SOUTHEAST,2017-09-04_GOOSE_SOUTHEAST_EDGE1_1,gillian,,,,,Raw,,
,CALVERT,HAKAI,MARINEGEO,2017-09-04,GOOSE_SOUTHEAST_EDGE2,2,GOOSE_SOUTHEAST,2017-09-04_GOOSE_SOUTHEAST_EDGE2_2,gillian,,,,,Raw,,
,CALVERT,HAKAI,MARINEGEO,2017-09-04,GOOSE_SOUTHEAST_EDGE3,3,GOOSE_SOUTHEAST,2017-09-04_GOOSE_SOUTHEAST_EDGE3_3,angeleen;gillian,,,,,Raw,,
,CALVERT,HAKAI,MARINEGEO,2017-09-04,GOOSE_SOUTHEAST_INTERIOR4,4,GOOSE_SOUTHEAST,2017-09-04_GOOSE_SOUTHEAST_INTERIOR4_4,gillian,,,,,Raw,,
,CALVERT,HAKAI,MARINEGEO,2017-09-04,GOOSE_SOUTHEAST_INTERIOR5,5,GOOSE_SOUTHEAST,2017-09-04_GOOSE_SOUTHEAST_INTERIOR5_5,gillian,,,,,Raw,,
,CALVERT,HAKAI,MARINEGEO,2017-09-04,GOOSE_SOUTHEAST_INTERIOR6,6,GOOSE_SOUTHEAST,2017-09-04_GOOSE_SOUTHEAST_INTERIOR6_6,gillian,,,,,Raw,,
,CALVERT,HAKAI,MARINEGEO,2017-09-05,KOEYE_ESTUARY_EDGE3,3,KOEYE_ESTUARY,2017-09-05_KOEYE_ESTUARY_EDGE3_3,,,,,,Raw,,
,CALVERT,HAKAI,MARINEGEO,2017-09-05,KOEYE_ESTUARY_INTERIOR4,4,KOEYE_ESTUARY,2017-09-05_KOEYE_ESTUARY_INTERIOR4_4,,,,,,Raw,,
,CALVERT,HAKAI,MARINEGEO,2017-09-05,KOEYE_ESTUARY_INTERIOR6,6,KOEYE_ESTUARY,2017-09-05_KOEYE_ESTUARY_INTERIOR6_6,,,,,,Raw,,
,CALVERT,HAKAI,MARINEGEO,2017-11-18,PRUTH_BAY_EDGE1,1,PRUTH_BAY,2017-11-18_PRUTH_BAY_EDGE1_1,angeleen;other,,,,,Raw,,
,CALVERT,HAKAI,MARINEGEO,2017-11-18,PRUTH_BAY_EDGE2,2,PRUTH_BAY,2017-11-18_PRUTH_BAY_EDGE2_2,angeleen;other,,,,,Raw,,
,CALVERT,HAKAI,MARINEGEO,2017-11-18,PRUTH_BAY_EDGE3,3,PRUTH_BAY,2017-11-18_PRUTH_BAY_EDGE3_3,other,,,,,Raw,,
,CALVERT,HAKAI,MARINEGEO,2017-11-18,PRUTH_BAY_INTERIOR4,4,PRUTH_BAY,2017-11-18_PRUTH_BAY_INTERIOR4_4,angeleen;other,,,,,Raw,,
,CALVERT,HAKAI,MARINEGEO,2017-11-18,PRUTH_BAY_INTERIOR5,5,PRUTH_BAY,2017-11-18_PRUTH_BAY_INTERIOR5_5,angeleen;other,,,,,Raw,,
,CALVERT,HAKAI,MARINEGEO,2017-11-18,PRUTH_BAY_INTERIOR6,6,PRUTH_BAY,2017-11-18_PRUTH_BAY_INTERIOR6_6,other,,,,,Raw,,
,CALVERT,HAKAI,MARINEGEO,2017-11-22,CHOKED_PASS_EDGE1,1,CHOKED_PASS,2017-11-22_CHOKED_PASS_EDGE1_1,gillian,,,,,Raw,,
,CALVERT,HAKAI,MARINEGEO,2017-11-22,CHOKED_PASS_EDGE2,2,CHOKED_PASS,2017-11-22_CHOKED_PASS_EDGE2_2,gillian,,,,,Raw,,
,CALVERT,HAKAI,MARINEGEO,2017-11-22,CHOKED_PASS_EDGE3,3,CHOKED_PASS,2017-11-22_CHOKED_PASS_EDGE3_3,gillian,,,,,Raw,,
,CALVERT,HAKAI,MARINEGEO,2017-11-22,CHOKED_PASS_EDGE7,7,CHOKED_PASS,2017-11-22_CHOKED_PASS_EDGE7_7,gillian,,,,,Raw,,
,CALVERT,HAKAI,MARINEGEO,2017-11-22,CHOKED_PASS_INTERIOR4,4,CHOKED_PASS,2017-11-22_CHOKED_PASS_INTERIOR4_4,gillian,,,,,Raw,,
,CALVERT,HAKAI,MARINEGEO,2017-11-22,CHOKED_PASS_INTERIOR5,5,CHOKED_PASS,2017-11-22_CHOKED_PASS_INTERIOR5_5,gillian,,,,,Raw,,
,CALVERT,HAKAI,MARINEGEO,2017-11-22,CHOKED_PASS_INTERIOR6,6,CHOKED_PASS,2017-11-22_CHOKED_PASS_INTERIOR6_6,gillian,,,,,Raw,,
,CALVERT,HAKAI,MARINEGEO,2018-02-19,PRUTH_BAY_EDGE1,1,PRUTH_BAY,2018-02-19_PRUTH_BAY_EDGE1_1,gillian,,,,,Raw,,
,CALVERT,HAKAI,MARINEGEO,2018-02-19,PRUTH_BAY_EDGE2,2,PRUTH_BAY,2018-02-19_PRUTH_BAY_EDGE2_2,gillian,,,,,Raw,,
,CALVERT,HAKAI,MARINEGEO,2018-02-19,PRUTH_BAY_EDGE3,3,PRUTH_BAY,2018-02-19_PRUTH_BAY_EDGE3_3,gillian,,,,,Raw,,
,CALVERT,HAKAI,MARINEGEO,2018-02-19,PRUTH_BAY_INTERIOR4,4,PRUTH_BAY,2018-02-19_PRUTH_BAY_INTERIOR4_4,gillian,,,,,Raw,,
,CALVERT,HAKAI,MARINEGEO,2018-02-19,PRUTH_BAY_INTERIOR5,5,PRUTH_BAY,2018-02-19_PRUTH_BAY_INTERIOR5_5,gillian,,,,,Raw,,
,CALVERT,HAKAI,MARINEGEO,2018-02-19,PRUTH_BAY_INTERIOR6,6,PRUTH_BAY,2018-02-19_PRUTH_BAY_INTERIOR6_6,gillian,,,,,Raw,,
,CALVERT,HAKAI,MARINEGEO,2018-02-21,CHOKED_PASS_EDGE1,1,CHOKED_PASS,2018-02-21_CHOKED_PASS_EDGE1_1,gillian,,,,,Raw,,
,CALVERT,HAKAI,MARINEGEO,2018-02-21,CHOKED_PASS_EDGE2,2,CHOKED_PASS,2018-02-21_CHOKED_PASS_EDGE2_2,gillian,,,,,Raw,,
,CALVERT,HAKAI,MARINEGEO,2018-02-21,CHOKED_PASS_EDGE3,3,CHOKED_PASS,2018-02-21_CHOKED_PASS_EDGE3_3,gillian,,,,,Raw,,
,CALVERT,HAKAI,MARINEGEO,2018-02-21,CHOKED_PASS_EDGE7,7,CHOKED_PASS,2018-02-21_CHOKED_PASS_EDGE7_7,gillian,,,,,Raw,,
,CALVERT,HAKAI,MARINEGEO,2018-02-21,CHOKED_PASS_INTERIOR4,4,CHOKED_PASS,2018-02-21_CHOKED_PASS_INTERIOR4_4,gillian,,,,,Raw,,
,CALVERT,HAKAI,MARINEGEO,2018-02-21,CHOKED_PASS_INTERIOR5,5,CHOKED_PASS,2018-02-21_CHOKED_PASS_INTERIOR5_5,gillian,,,,,Raw,,
,CALVERT,HAKAI,MARINEGEO,2018-02-21,CHOKED_PASS_INTERIOR6,6,CHOKED_PASS,2018-02-21_CHOKED_PASS_INTERIOR6_6,gillian,,,,,Raw,,
,CALVERT,HAKAI,MARINEGEO,2018-05-22,PRUTH_BAY_EDGE1,1,PRUTH_BAY,2018-05-22_PRUTH_BAY_EDGE1_1,carolyn,,,,,Raw,,
,CALVERT,HAKAI,MARINEGEO,2018-05-22,PRUTH_BAY_EDGE2,2,PRUTH_BAY,2018-05-22_PRUTH_BAY_EDGE2_2,carolyn,,,,,Raw,,
,CALVERT,HAKAI,MARINEGEO,2018-05-22,PRUTH_BAY_EDGE3,3,PRUTH_BAY,2018-05-22_PRUTH_BAY_EDGE3_3,carolyn,,,,,Raw,,
,CALVERT,HAKAI,MARINEGEO,2018-05-22,PRUTH_BAY_INTERIOR4,4,PRUTH_BAY,2018-05-22_PRUTH_BAY_INTERIOR4_4,carolyn,,,,,Raw,,
,CALVERT,HAKAI,MARINEGEO,2018-05-22,PRUTH_BAY_INTERIOR5,5,PRUTH_BAY,2018-05-22_PRUTH_BAY_INTERIOR5_5,carolyn,,,,,Raw,,
,CALVERT,HAKAI,MARINEGEO,2018-05-22,PRUTH_BAY_INTERIOR6,6,PRUTH_BAY,2018-05-22_PRUTH_BAY_INTERIOR6_6,carolyn,,,,,Raw,,
,CALVERT,HAKAI,MARINEGEO,2018-05-23,CHOKED_PASS_EDGE1,1,CHOKED_PASS,2018-05-23_CHOKED_PASS_EDGE1_1,carolyn,,,,,Raw,,
,CALVERT,HAKAI,MARINEGEO,2018-05-23,CHOKED_PASS_EDGE2,2,CHOKED_PASS,2018-05-23_CHOKED_PASS_EDGE2_2,carolyn,,,,,Raw,,
,CALVERT,HAKAI,MARINEGEO,2018-05-23,CHOKED_PASS_EDGE3,3,CHOKED_PASS,2018-05-23_CHOKED_PASS_EDGE3_3,carolyn,,,,,Raw,,
,CALVERT,HAKAI,MARINEGEO,2018-05-23,CHOKED_PASS_EDGE7,7,CHOKED_PASS,2018-05-23_CHOKED_PASS_EDGE7_7,carolyn,,,,,Raw,,
,CALVERT,HAKAI,MARINEGEO,2018-05-23,CHOKED_PASS_INTERIOR4,4,CHOKED_PASS,2018-05-23_CHOKED_PASS_INTERIOR4_4,carolyn,,,,,Raw,,
,CALVERT,HAKAI,MARINEGEO,2018-05-23,CHOKED_PASS_INTERIOR5,5,CHOKED_PASS,2018-05-23_CHOKED_PASS_INTERIOR5_5,carolyn,,,,,Raw,,
,CALVERT,HAKAI,MARINEGEO,2018-05-23,CHOKED_PASS_INTERIOR6,6,CHOKED_PASS,2018-05-23_CHOKED_PASS_INTERIOR6_6,carolyn,,,,,Raw,,
,CALVERT,HAKAI,MARINEGEO,2018-05-24,KOEYE_ESTUARY_EDGE1,1,KOEYE_ESTUARY,2018-05-24_KOEYE_ESTUARY_EDGE1_1,carolyn,,,,,Raw,,
,CALVERT,HAKAI,MARINEGEO,2018-05-24,KOEYE_ESTUARY_EDGE2,2,KOEYE_ESTUARY,2018-05-24_KOEYE_ESTUARY_EDGE2_2,carolyn,,,,,Raw,,
,CALVERT,HAKAI,MARINEGEO,2018-05-24,KOEYE_ESTUARY_EDGE3,3,KOEYE_ESTUARY,2018-05-24_KOEYE_ESTUARY_EDGE3_3,carolyn,,,,,Raw,,
,CALVERT,HAKAI,MARINEGEO,2018-05-24,KOEYE_ESTUARY_INTERIOR4,4,KOEYE_ESTUARY,2018-05-24_KOEYE_ESTUARY_INTERIOR4_4,carolyn,,,,,Raw,,
,CALVERT,HAKAI,MARINEGEO,2018-05-24,KOEYE_ESTUARY_INTERIOR5,5,KOEYE_ESTUARY,2018-05-24_KOEYE_ESTUARY_INTERIOR5_5,carolyn,,,,,Raw,,
,CALVERT,HAKAI,MARINEGEO,2018-05-24,KOEYE_ESTUARY_INTERIOR6,6,KOEYE_ESTUARY,2018-05-24_KOEYE_ESTUARY_INTERIOR6_6,carolyn,,,,,Raw,,
,CALVERT,HAKAI,MARINEGEO,2018-06-18,CHOKED_PASS_INTERIOR4,4,CHOKED_PASS,2018-06-18_CHOKED_PASS_INTERIOR4_4,angeleen,,,,,Raw,,
,CALVERT,HAKAI,MARINEGEO,2018-06-18,CHOKED_PASS_INTERIOR6,6,CHOKED_PASS,2018-06-18_CHOKED_PASS_INTERIOR6_6,angeleen,,,,,Raw,,
,CALVERT,HAKAI,MARINEGEO,2018-06-19,CHOKED_PASS_EDGE1,1,CHOKED_PASS,2018-06-19_CHOKED_PASS_EDGE1_1,angeleen,,,,,Raw,,
,CALVERT,HAKAI,MARINEGEO,2018-06-19,CHOKED_PASS_EDGE2,2,CHOKED_PASS,2018-06-19_CHOKED_PASS_EDGE2_2,angeleen,,,,,Raw,,
,CALVERT,HAKAI,MARINEGEO,2018-06-19,CHOKED_PASS_EDGE3,3,CHOKED_PASS,2018-06-19_CHOKED_PASS_EDGE3_3,angeleen,,,,,Raw,,
,CALVERT,HAKAI,MARINEGEO,2018-06-19,CHOKED_PASS_EDGE7,7,CHOKED_PASS,2018-06-19_CHOKED_PASS_EDGE7_7,angeleen,,,,,Raw,,
,CALVERT,HAKAI,MARINEGEO,2018-06-19,CHOKED_PASS_INTERIOR5,5,CHOKED_PASS,2018-06-19_CHOKED_PASS_INTERIOR5_5,angeleen,,,,,Raw,,
,CALVERT,HAKAI,MARINEGEO,2018-06-20,PRUTH_BAY_EDGE1,1,PRUTH_BAY,2018-06-20_PRUTH_BAY_EDGE1_1,angeleen,,,,,Raw,,
,CALVERT,HAKAI,MARINEGEO,2018-06-20,PRUTH_BAY_EDGE2,2,PRUTH_BAY,2018-06-20_PRUTH_BAY_EDGE2_2,angeleen,,,,,Raw,,
,CALVERT,HAKAI,MARINEGEO,2018-06-20,PRUTH_BAY_EDGE3,3,PRUTH_BAY,2018-06-20_PRUTH_BAY_EDGE3_3,angeleen,,,,,Raw,,
,CALVERT,HAKAI,MARINEGEO,2018-06-20,PRUTH_BAY_INTERIOR4,4,PRUTH_BAY,2018-06-20_PRUTH_BAY_INTERIOR4_4,angeleen,,,,,Raw,,
,CALVERT,HAKAI,MARINEGEO,2018-06-20,PRUTH_BAY_INTERIOR5,5,PRUTH_BAY,2018-06-20_PRUTH_BAY_INTERIOR5_5,angeleen,,,,,Raw,,
,CALVERT,HAKAI,MARINEGEO,2018-06-20,PRUTH_BAY_INTERIOR6,6,PRUTH_BAY,2018-06-20_PRUTH_BAY_INTERIOR6_6,angeleen,,,,,Raw,,
,CALVERT,HAKAI,MARINEGEO,2018-06-25,KOEYE_ESTUARY_EDGE1,1,KOEYE_ESTUARY,2018-06-25_KOEYE_ESTUARY_EDGE1_1,angeleen,,,,,Raw,,
,CALVERT,HAKAI,MARINEGEO,2018-06-25,KOEYE_ESTUARY_EDGE2,2,KOEYE_ESTUARY,2018-06-25_KOEYE_ESTUARY_EDGE2_2,angeleen,,,,,Raw,,
,CALVERT,HAKAI,MARINEGEO,2018-06-25,KOEYE_ESTUARY_EDGE3,3,KOEYE_ESTUARY,2018-06-25_KOEYE_ESTUARY_EDGE3_3,angeleen,,,,,Raw,,
,CALVERT,HAKAI,MARINEGEO,2018-06-25,KOEYE_ESTUARY_INTERIOR4,4,KOEYE_ESTUARY,2018-06-25_KOEYE_ESTUARY_INTERIOR4_4,angeleen,,,,,Raw,,
,CALVERT,HAKAI,MARINEGEO,2018-06-25,KOEYE_ESTUARY_INTERIOR5,5,KOEYE_ESTUARY,2018-06-25_KOEYE_ESTUARY_INTERIOR5_5,angeleen,,,,,Raw,,
,CALVERT,HAKAI,MARINEGEO,2018-06-25,KOEYE_ESTUARY_INTERIOR6,6,KOEYE_ESTUARY,2018-06-25_KOEYE_ESTUARY_INTERIOR6_6,angeleen,,,,,Raw,,
,CALVERT,HAKAI,MARINEGEO,2018-08-07,MCMULLIN_NORTH_EDGE1,1,MCMULLIN_NORTH,2018-08-07_MCMULLIN_NORTH_EDGE1_1,angeleen;krystal,,,,,Raw,,
,CALVERT,HAKAI,MARINEGEO,2018-08-07,MCMULLIN_NORTH_EDGE2,2,MCMULLIN_NORTH,2018-08-07_MCMULLIN_NORTH_EDGE2_2,angeleen;krystal,,,,,Raw,,
,CALVERT,HAKAI,MARINEGEO,2018-08-07,MCMULLIN_NORTH_EDGE3,3,MCMULLIN_NORTH,2018-08-07_MCMULLIN_NORTH_EDGE3_3,angeleen;krystal,,,,,Raw,,
,CALVERT,HAKAI,MARINEGEO,2018-08-07,MCMULLIN_NORTH_INTERIOR4,4,MCMULLIN_NORTH,2018-08-07_MCMULLIN_NORTH_INTERIOR4_4,angeleen;krystal,,,,,Raw,,
,CALVERT,HAKAI,MARINEGEO,2018-08-07,MCMULLIN_NORTH_INTERIOR5,5,MCMULLIN_NORTH,2018-08-07_MCMULLIN_NORTH_INTERIOR5_5,angeleen;krystal,,,,,Raw,,
,CALVERT,HAKAI,MARINEGEO,2018-08-07,MCMULLIN_NORTH_INTERIOR6,6,MCMULLIN_NORTH,2018-08-07_MCMULLIN_NORTH_INTERIOR6_6,angeleen;krystal,,,,,Raw,,
,CALVERT,HAKAI,MARINEGEO,2018-08-08,GOOSE_SOUTHWEST_EDGE1,1,GOOSE_SOUTHWEST,2018-08-08_GOOSE_SOUTHWEST_EDGE1_1,angeleen;krystal,,,,,Raw,,
,CALVERT,HAKAI,MARINEGEO,2018-08-08,GOOSE_SOUTHWEST_EDGE2,2,GOOSE_SOUTHWEST,2018-08-08_GOOSE_SOUTHWEST_EDGE2_2,angeleen;krystal,,,,,Raw,,
,CALVERT,HAKAI,MARINEGEO,2018-08-08,GOOSE_SOUTHWEST_EDGE3,3,GOOSE_SOUTHWEST,2018-08-08_GOOSE_SOUTHWEST_EDGE3_3,angeleen;krystal,,,,,Raw,,
,CALVERT,HAKAI,MARINEGEO,2018-08-08,GOOSE_SOUTHWEST_INTERIOR4,4,GOOSE_SOUTHWEST,2018-08-08_GOOSE_SOUTHWEST_INTERIOR4_4,angeleen;krystal,,,,,Raw,,
,CALVERT,HAKAI,MARINEGEO,2018-08-08,GOOSE_SOUTHWEST_INTERIOR5,5,GOOSE_SOUTHWEST,2018-08-08_GOOSE_SOUTHWEST_INTERIOR5_5,angeleen;krystal,,,,,Raw,,
,CALVERT,HAKAI,MARINEGEO,2018-08-08,GOOSE_SOUTHWEST_INTERIOR6,6,GOOSE_SOUTHWEST,2018-08-08_GOOSE_SOUTHWEST_INTERIOR6_6,angeleen;krystal,,,,,Raw,,
,CALVERT,HAKAI,MARINEGEO,2018-08-10,TRIQUET_BAY_EDGE1,1,TRIQUET_BAY,2018-08-10_TRIQUET_BAY_EDGE1_1,angeleen;krystal,,,,,Raw,,
,CALVERT,HAKAI,MARINEGEO,2018-08-10,TRIQUET_BAY_EDGE2,2,TRIQUET_BAY,2018-08-10_TRIQUET_BAY_EDGE2_2,angeleen;krystal,,,,,Raw,,
,CALVERT,HAKAI,MARINEGEO,2018-08-10,TRIQUET_BAY_EDGE3,3,TRIQUET_BAY,2018-08-10_TRIQUET_BAY_EDGE3_3,angeleen;krystal,,,,,Raw,,
,CALVERT,HAKAI,MARINEGEO,2018-08-10,TRIQUET_BAY_INTERIOR4,4,TRIQUET_BAY,2018-08-10_TRIQUET_BAY_INTERIOR4_4,angeleen;krystal,,,,,Raw,,
,CALVERT,HAKAI,MARINEGEO,2018-08-10,TRIQUET_BAY_INTERIOR5,5,TRIQUET_BAY,2018-08-10_TRIQUET_BAY_INTERIOR5_5,angeleen;krystal,,,,,Raw,,
,CALVERT,HAKAI,MARINEGEO,2018-08-10,TRIQUET_BAY_INTERIOR6,6,TRIQUET_BAY,2018-08-10_TRIQUET_BAY_INTERIOR6_6,angeleen;krystal,,,,,Raw,,
,CALVERT,HAKAI,MARINEGEO,2018-08-11,KOEYE_ESTUARY_EDGE1,1,KOEYE_ESTUARY,2018-08-11_KOEYE_ESTUARY_EDGE1_1,angeleen,,,,,Raw,,
,CALVERT,HAKAI,MARINEGEO,2018-08-11,KOEYE_ESTUARY_EDGE2,2,KOEYE_ESTUARY,2018-08-11_KOEYE_ESTUARY_EDGE2_2,angeleen,,,,,Raw,,
,CALVERT,HAKAI,MARINEGEO,2018-08-11,KOEYE_ESTUARY_EDGE3,3,KOEYE_ESTUARY,2018-08-11_KOEYE_ESTUARY_EDGE3_3,angeleen,,,,,Raw,,
,CALVERT,HAKAI,MARINEGEO,2018-08-11,KOEYE_ESTUARY_INTERIOR4,4,KOEYE_ESTUARY,2018-08-11_KOEYE_ESTUARY_INTERIOR4_4,angeleen,,,,,Raw,,
,CALVERT,HAKAI,MARINEGEO,2018-08-11,KOEYE_ESTUARY_INTERIOR5,5,KOEYE_ESTUARY,2018-08-11_KOEYE_ESTUARY_INTERIOR5_5,angeleen,,,,,Raw,,
,CALVERT,HAKAI,MARINEGEO,2018-08-11,KOEYE_ESTUARY_INTERIOR6,6,KOEYE_ESTUARY,2018-08-11_KOEYE_ESTUARY_INTERIOR6_6,angeleen,,,,,Raw,,
,CALVERT,HAKAI,MARINEGEO,2018-08-17,PRUTH_BAY_EDGE1,1,PRUTH_BAY,2018-08-17_PRUTH_BAY_EDGE1_1,angeleen,,,,,Raw,,
,CALVERT,HAKAI,MARINEGEO,2018-08-17,PRUTH_BAY_EDGE2,2,PRUTH_BAY,2018-08-17_PRUTH_BAY_EDGE2_2,angeleen,,,,,Raw,,
,CALVERT,HAKAI,MARINEGEO,2018-08-17,PRUTH_BAY_EDGE3,3,PRUTH_BAY,2018-08-17_PRUTH_BAY_EDGE3_3,angeleen,,,,,Raw,,
,CALVERT,HAKAI,MARINEGEO,2018-08-17,PRUTH_BAY_INTERIOR4,4,PRUTH_BAY,2018-08-17_PRUTH_BAY_INTERIOR4_4,angeleen,,,,,Raw,,
,CALVERT,HAKAI,MARINEGEO,2018-08-17,PRUTH_BAY_INTERIOR5,5,PRUTH_BAY,2018-08-17_PRUTH_BAY_INTERIOR5_5,angeleen,,,,,Raw,,
,CALVERT,HAKAI,MARINEGEO,2018-08-17,PRUTH_BAY_INTERIOR6,6,PRUTH_BAY,2018-08-17_PRUTH_BAY_INTERIOR6_6,angeleen,,,,,Raw,,
,CALVERT,HAKAI,MARINEGEO,2018-08-19,CHOKED_PASS_EDGE1,1,CHOKED_PASS,2018-08-19_CHOKED_PASS_EDGE1_1,angeleen,,,,,Raw,,
,CALVERT,HAKAI,MARINEGEO,2018-08-19,CHOKED_PASS_EDGE1,1,CHOKED_PASS,2018-08-19_CHOKED_PASS_EDGE1_1,,,,,,Raw,,
,CALVERT,HAKAI,MARINEGEO,2018-08-19,CHOKED_PASS_EDGE2,2,CHOKED_PASS,2018-08-19_CHOKED_PASS_EDGE2_2,angeleen,,,,,Raw,,
,CALVERT,HAKAI,MARINEGEO,2018-08-19,CHOKED_PASS_EDGE3,3,CHOKED_PASS,2018-08-19_CHOKED_PASS_EDGE3_3,angeleen,,,,,Raw,,
,CALVERT,HAKAI,MARINEGEO,2018-08-19,CHOKED_PASS_EDGE7,7,CHOKED_PASS,2018-08-19_CHOKED_PASS_EDGE7_7,angeleen,,,,,Raw,,
,CALVERT,HAKAI,MARINEGEO,2018-08-19,CHOKED_PASS_INTERIOR4,4,CHOKED_PASS,2018-08-19_CHOKED_PASS_INTERIOR4_4,angeleen,,,,,Raw,,
,CALVERT,HAKAI,MARINEGEO,2018-08-19,CHOKED_PASS_INTERIOR5,5,CHOKED_PASS,2018-08-19_CHOKED_PASS_INTERIOR5_5,angeleen,,,,,Raw,,
,CALVERT,HAKAI,MARINEGEO,2018-08-19,CHOKED_PASS_INTERIOR6,6,CHOKED_PASS,2018-08-19_CHOKED_PASS_INTERIOR6_6,angeleen,,,,,Raw,,
,CALVERT,HAKAI,MARINEGEO,2018-08-20,GOOSE_SOUTHEAST_INTERIOR4,4,GOOSE_SOUTHEAST,2018-08-20_GOOSE_SOUTHEAST_INTERIOR4_4,angeleen,,,,,Raw,,
,CALVERT,HAKAI,MARINEGEO,2018-08-20,GOOSE_SOUTHEAST_INTERIOR5,5,GOOSE_SOUTHEAST,2018-08-20_GOOSE_SOUTHEAST_INTERIOR5_5,angeleen,,,,,Raw,,
,CALVERT,HAKAI,MARINEGEO,2018-08-20,GOOSE_SOUTHEAST_INTERIOR6,6,GOOSE_SOUTHEAST,2018-08-20_GOOSE_SOUTHEAST_INTERIOR6_6,angeleen,,,,,Raw,,
,CALVERT,HAKAI,MARINEGEO,2018-08-20,MCMULLIN_SOUTH_INTERIOR4,4,MCMULLIN_SOUTH,2018-08-20_MCMULLIN_SOUTH_INTERIOR4_4,angeleen,,,,,Raw,,
,CALVERT,HAKAI,MARINEGEO,2018-08-20,MCMULLIN_SOUTH_INTERIOR5,5,MCMULLIN_SOUTH,2018-08-20_MCMULLIN_SOUTH_INTERIOR5_5,angeleen,,,,,Raw,,
,CALVERT,HAKAI,MARINEGEO,2018-08-20,MCMULLIN_SOUTH_INTERIOR6,6,MCMULLIN_SOUTH,2018-08-20_MCMULLIN_SOUTH_INTERIOR6_6,angeleen,,,,,Raw,,
,CALVERT,HAKAI,MARINEGEO,2018-08-20,TRIQUET_NORTH_INTERIOR4,4,TRIQUET_NORTH,2018-08-20_TRIQUET_NORTH_INTERIOR4_4,angeleen,,,,,Raw,,
,CALVERT,HAKAI,MARINEGEO,2018-08-20,TRIQUET_NORTH_INTERIOR5,5,TRIQUET_NORTH,2018-08-20_TRIQUET_NORTH_INTERIOR5_5,angeleen,,,,,Raw,,
,CALVERT,HAKAI,MARINEGEO,2018-08-20,TRIQUET_NORTH_INTERIOR6,6,TRIQUET_NORTH,2018-08-20_TRIQUET_NORTH_INTERIOR6_6,angeleen,,,,,Raw,,
,CALVERT,HAKAI,MARINEGEO,2018-11-21,PRUTH_BAY_EDGE1,1,PRUTH_BAY,2018-11-21_PRUTH_BAY_EDGE1_1,kyle,,,,,Raw,,
,CALVERT,HAKAI,MARINEGEO,2018-11-21,PRUTH_BAY_EDGE2,2,PRUTH_BAY,2018-11-21_PRUTH_BAY_EDGE2_2,kyle,,,,,Raw,,
,CALVERT,HAKAI,MARINEGEO,2018-11-21,PRUTH_BAY_EDGE3,3,PRUTH_BAY,2018-11-21_PRUTH_BAY_EDGE3_3,kyle,,,,,Raw,,
,CALVERT,HAKAI,MARINEGEO,2018-11-21,PRUTH_BAY_INTERIOR4,4,PRUTH_BAY,2018-11-21_PRUTH_BAY_INTERIOR4_4,kyle,,,,,Raw,,
,CALVERT,HAKAI,MARINEGEO,2018-11-21,PRUTH_BAY_INTERIOR5,5,PRUTH_BAY,2018-11-21_PRUTH_BAY_INTERIOR5_5,kyle,,,,,Raw,,
,CALVERT,HAKAI,MARINEGEO,2018-11-21,PRUTH_BAY_INTERIOR6,6,PRUTH_BAY,2018-11-21_PRUTH_BAY_INTERIOR6_6,kyle,,,,,Raw,,
,CALVERT,HAKAI,MARINEGEO,2018-11-22,CHOKED_PASS_EDGE1,1,CHOKED_PASS,2018-11-22_CHOKED_PASS_EDGE1_1,kyle,,,,,Raw,,
,CALVERT,HAKAI,MARINEGEO,2018-11-22,CHOKED_PASS_EDGE2,2,CHOKED_PASS,2018-11-22_CHOKED_PASS_EDGE2_2,kyle,,,,,Raw,,
,CALVERT,HAKAI,MARINEGEO,2018-11-22,CHOKED_PASS_EDGE3,3,CHOKED_PASS,2018-11-22_CHOKED_PASS_EDGE3_3,kyle,,,,,Raw,,
,CALVERT,HAKAI,MARINEGEO,2018-11-22,CHOKED_PASS_EDGE7,7,CHOKED_PASS,2018-11-22_CHOKED_PASS_EDGE7_7,kyle,,,,,Raw,,
,CALVERT,HAKAI,MARINEGEO,2018-11-22,CHOKED_PASS_INTERIOR4,4,CHOKED_PASS,2018-11-22_CHOKED_PASS_INTERIOR4_4,kyle,,,,,Raw,,
,CALVERT,HAKAI,MARINEGEO,2018-11-22,CHOKED_PASS_INTERIOR5,5,CHOKED_PASS,2018-11-22_CHOKED_PASS_INTERIOR5_5,kyle,,,,,Raw,,
,CALVERT,HAKAI,MARINEGEO,2018-11-22,CHOKED_PASS_INTERIOR6,6,CHOKED_PASS,2018-11-22_CHOKED_PASS_INTERIOR6_6,kyle,,,,,Raw,,
,CALVERT,HAKAI,MARINEGEO,2019-02-12,CHOKED_PASS_EDGE1,1,CHOKED_PASS,2019-02-12_CHOKED_PASS_EDGE1_1,kyle,,,,,Raw,,
,CALVERT,HAKAI,MARINEGEO,2019-02-12,CHOKED_PASS_EDGE2,2,CHOKED_PASS,2019-02-12_CHOKED_PASS_EDGE2_2,kyle,,,,,Raw,,
,CALVERT,HAKAI,MARINEGEO,2019-02-12,CHOKED_PASS_EDGE3,3,CHOKED_PASS,2019-02-12_CHOKED_PASS_EDGE3_3,kyle,,,,,Raw,,
,CALVERT,HAKAI,MARINEGEO,2019-02-12,CHOKED_PASS_EDGE7,7,CHOKED_PASS,2019-02-12_CHOKED_PASS_EDGE7_7,kyle,,,,,Raw,,
,CALVERT,HAKAI,MARINEGEO,2019-02-12,CHOKED_PASS_INTERIOR4,4,CHOKED_PASS,2019-02-12_CHOKED_PASS_INTERIOR4_4,kyle,,,,,Raw,,
,CALVERT,HAKAI,MARINEGEO,2019-02-12,CHOKED_PASS_INTERIOR5,5,CHOKED_PASS,2019-02-12_CHOKED_PASS_INTERIOR5_5,kyle,,,,,Raw,,
,CALVERT,HAKAI,MARINEGEO,2019-02-12,CHOKED_PASS_INTERIOR6,6,CHOKED_PASS,2019-02-12_CHOKED_PASS_INTERIOR6_6,kyle,,,,,Raw,,
,CALVERT,HAKAI,MARINEGEO,2019-02-12,PRUTH_BAY_EDGE1,1,PRUTH_BAY,2019-02-12_PRUTH_BAY_EDGE1_1,kyle;zach,,,,,Raw,,
,CALVERT,HAKAI,MARINEGEO,2019-02-12,PRUTH_BAY_EDGE2,2,PRUTH_BAY,2019-02-12_PRUTH_BAY_EDGE2_2,kyle;zach,,,,,Raw,,
,CALVERT,HAKAI,MARINEGEO,2019-02-12,PRUTH_BAY_EDGE3,3,PRUTH_BAY,2019-02-12_PRUTH_BAY_EDGE3_3,kyle;zach,,,,,Raw,,
,CALVERT,HAKAI,MARINEGEO,2019-02-12,PRUTH_BAY_INTERIOR4,4,PRUTH_BAY,2019-02-12_PRUTH_BAY_INTERIOR4_4,kyle;zach,,,,,Raw,,
,CALVERT,HAKAI,MARINEGEO,2019-02-12,PRUTH_BAY_INTERIOR5,5,PRUTH_BAY,2019-02-12_PRUTH_BAY_INTERIOR5_5,kyle;zach,,,,,Raw,,
,CALVERT,HAKAI,MARINEGEO,2019-02-12,PRUTH_BAY_INTERIOR6,6,PRUTH_BAY,2019-02-12_PRUTH_BAY_INTERIOR6_6,kyle;zach,,,,,Raw,,
,CALVERT,HAKAI,MARINEGEO,2019-08-05,PRUTH_BAY_EDGE1,1,PRUTH_BAY,2019-08-05_PRUTH_BAY_EDGE1_1,angeleen.olson;carolyn;krystal,,,,,Raw,,
,CALVERT,HAKAI,MARINEGEO,2019-08-05,PRUTH_BAY_EDGE1,1,PRUTH_BAY,2019-08-05_PRUTH_BAY_EDGE1_1,,,,,,Raw,,
,CALVERT,HAKAI,MARINEGEO,2019-08-05,PRUTH_BAY_EDGE2,2,PRUTH_BAY,2019-08-05_PRUTH_BAY_EDGE2_2,carolyn;krystal,,,,,Raw,,
,CALVERT,HAKAI,MARINEGEO,2019-08-05,PRUTH_BAY_EDGE3,3,PRUTH_BAY,2019-08-05_PRUTH_BAY_EDGE3_3,carolyn;krystal,,,,,Raw,,
,CALVERT,HAKAI,MARINEGEO,2019-08-05,PRUTH_BAY_INTERIOR4,4,PRUTH_BAY,2019-08-05_PRUTH_BAY_INTERIOR4_4,carolyn;krystal,,,,,Raw,,
,CALVERT,HAKAI,MARINEGEO,2019-08-05,PRUTH_BAY_INTERIOR5,5,PRUTH_BAY,2019-08-05_PRUTH_BAY_INTERIOR5_5,carolyn;krystal,,,,,Raw,,
,CALVERT,HAKAI,MARINEGEO,2019-08-05,PRUTH_BAY_INTERIOR6,6,PRUTH_BAY,2019-08-05_PRUTH_BAY_INTERIOR6_6,carolyn;krystal,,,,,Raw,,
,CALVERT,HAKAI,MARINEGEO,2019-08-06,CHOKED_PASS_EDGE1,1,CHOKED_PASS,2019-08-06_CHOKED_PASS_EDGE1_1,angeleen;carolyn,,,,,Raw,,
,CALVERT,HAKAI,MARINEGEO,2019-08-06,CHOKED_PASS_EDGE2,2,CHOKED_PASS,2019-08-06_CHOKED_PASS_EDGE2_2,angeleen;carolyn,,,,,Raw,,
,CALVERT,HAKAI,MARINEGEO,2019-08-06,CHOKED_PASS_EDGE3,3,CHOKED_PASS,2019-08-06_CHOKED_PASS_EDGE3_3,angeleen;carolyn,,,,,Raw,,
,CALVERT,HAKAI,MARINEGEO,2019-08-06,CHOKED_PASS_EDGE7,7,CHOKED_PASS,2019-08-06_CHOKED_PASS_EDGE7_7,angeleen;carolyn,,,,,Raw,,
,CALVERT,HAKAI,MARINEGEO,2019-08-06,CHOKED_PASS_INTERIOR4,4,CHOKED_PASS,2019-08-06_CHOKED_PASS_INTERIOR4_4,angeleen;carolyn,,,,,Raw,,
,CALVERT,HAKAI,MARINEGEO,2019-08-06,CHOKED_PASS_INTERIOR5,5,CHOKED_PASS,2019-08-06_CHOKED_PASS_INTERIOR5_5,angeleen;carolyn,,,,,Raw,,
,CALVERT,HAKAI,MARINEGEO,2019-08-06,CHOKED_PASS_INTERIOR6,6,CHOKED_PASS,2019-08-06_CHOKED_PASS_INTERIOR6_6,angeleen;carolyn,,,,,Raw,,
,CALVERT,HAKAI,MARINEGEO,2019-08-08,MCMULLIN_NORTH_EDGE1,1,MCMULLIN_NORTH,2019-08-08_MCMULLIN_NORTH_EDGE1_1,angeleen,,,,,Raw,,
,CALVERT,HAKAI,MARINEGEO,2019-08-08,MCMULLIN_NORTH_EDGE2,2,MCMULLIN_NORTH,2019-08-08_MCMULLIN_NORTH_EDGE2_2,angeleen,,,,,Raw,,
,CALVERT,HAKAI,MARINEGEO,2019-08-08,MCMULLIN_NORTH_EDGE3,3,MCMULLIN_NORTH,2019-08-08_MCMULLIN_NORTH_EDGE3_3,angeleen,,,,,Raw,,
,CALVERT,HAKAI,MARINEGEO,2019-08-08,MCMULLIN_NORTH_INTERIOR4,4,MCMULLIN_NORTH,2019-08-08_MCMULLIN_NORTH_INTERIOR4_4,angeleen,,,,,Raw,,
,CALVERT,HAKAI,MARINEGEO,2019-08-08,MCMULLIN_NORTH_INTERIOR5,5,MCMULLIN_NORTH,2019-08-08_MCMULLIN_NORTH_INTERIOR5_5,angeleen,,,,,Raw,,
,CALVERT,HAKAI,MARINEGEO,2019-08-08,MCMULLIN_NORTH_INTERIOR6,6,MCMULLIN_NORTH,2019-08-08_MCMULLIN_NORTH_INTERIOR6_6,angeleen,,,,,Raw,,
,CALVERT,HAKAI,MARINEGEO,2019-08-10,TRIQUET_BAY_EDGE1,1,TRIQUET_BAY,2019-08-10_TRIQUET_BAY_EDGE1_1,krystal,,,,,Raw,,
,CALVERT,HAKAI,MARINEGEO,2019-08-10,TRIQUET_BAY_EDGE2,2,TRIQUET_BAY,2019-08-10_TRIQUET_BAY_EDGE2_2,krystal,,,,,Raw,,
,CALVERT,HAKAI,MARINEGEO,2019-08-10,TRIQUET_BAY_EDGE3,3,TRIQUET_BAY,2019-08-10_TRIQUET_BAY_EDGE3_3,krystal,,,,,Raw,,
,CALVERT,HAKAI,MARINEGEO,2019-08-10,TRIQUET_BAY_INTERIOR4,4,TRIQUET_BAY,2019-08-10_TRIQUET_BAY_INTERIOR4_4,krystal,,,,,Raw,,
,CALVERT,HAKAI,MARINEGEO,2019-08-10,TRIQUET_BAY_INTERIOR5,5,TRIQUET_BAY,2019-08-10_TRIQUET_BAY_INTERIOR5_5,krystal,,,,,Raw,,
,CALVERT,HAKAI,MARINEGEO,2019-08-10,TRIQUET_BAY_INTERIOR6,6,TRIQUET_BAY,2019-08-10_TRIQUET_BAY_INTERIOR6_6,krystal,,,,,Raw,,
,CALVERT,HAKAI,MARINEGEO,2019-08-14,GOOSE_SOUTHWEST_EDGE1,1,GOOSE_SOUTHWEST,2019-08-14_GOOSE_SOUTHWEST_EDGE1_1,angeleen;carolyn;krystal,,,,,Raw,,
,CALVERT,HAKAI,MARINEGEO,2019-08-14,GOOSE_SOUTHWEST_EDGE2,2,GOOSE_SOUTHWEST,2019-08-14_GOOSE_SOUTHWEST_EDGE2_2,angeleen;carolyn;krystal,,,,,Raw,,
,CALVERT,HAKAI,MARINEGEO,2019-08-14,GOOSE_SOUTHWEST_EDGE3,3,GOOSE_SOUTHWEST,2019-08-14_GOOSE_SOUTHWEST_EDGE3_3,angeleen;carolyn;krystal,,,,,Raw,,
,CALVERT,HAKAI,MARINEGEO,2019-08-14,GOOSE_SOUTHWEST_INTERIOR4,4,GOOSE_SOUTHWEST,2019-08-14_GOOSE_SOUTHWEST_INTERIOR4_4,angeleen;carolyn;krystal,,,,,Raw,,
,CALVERT,HAKAI,MARINEGEO,2019-08-14,GOOSE_SOUTHWEST_INTERIOR5,5,GOOSE_SOUTHWEST,2019-08-14_GOOSE_SOUTHWEST_INTERIOR5_5,angeleen;carolyn;krystal,,,,,Raw,,
,CALVERT,HAKAI,MARINEGEO,2019-08-14,GOOSE_SOUTHWEST_INTERIOR6,6,GOOSE_SOUTHWEST,2019-08-14_GOOSE_SOUTHWEST_INTERIOR6_6,angeleen;carolyn;krystal,,,,,Raw,,
,CALVERT,HAKAI,MARINEGEO,2019-08-16,KOEYE_ESTUARY_EDGE1,1,KOEYE_ESTUARY,2019-08-16_KOEYE_ESTUARY_EDGE1_1,angeleen,,,,,Raw,,
,CALVERT,HAKAI,MARINEGEO,2019-08-16,KOEYE_ESTUARY_EDGE2,2,KOEYE_ESTUARY,2019-08-16_KOEYE_ESTUARY_EDGE2_2,angeleen,,,,,Raw,,
,CALVERT,HAKAI,MARINEGEO,2019-08-16,KOEYE_ESTUARY_EDGE3,3,KOEYE_ESTUARY,2019-08-16_KOEYE_ESTUARY_EDGE3_3,angeleen,,,,,Raw,,
,CALVERT,HAKAI,MARINEGEO,2019-08-16,KOEYE_ESTUARY_INTERIOR4,4,KOEYE_ESTUARY,2019-08-16_KOEYE_ESTUARY_INTERIOR4_4,angeleen,,,,,Raw,,
,CALVERT,HAKAI,MARINEGEO,2019-08-16,KOEYE_ESTUARY_INTERIOR5,5,KOEYE_ESTUARY,2019-08-16_KOEYE_ESTUARY_INTERIOR5_5,angeleen,,,,,Raw,,
,CALVERT,HAKAI,MARINEGEO,2019-08-16,KOEYE_ESTUARY_INTERIOR6,6,KOEYE_ESTUARY,2019-08-16_KOEYE_ESTUARY_INTERIOR6_6,angeleen,,,,,Raw,,
,CALVERT,HAKAI,MARINEGEO,2020-07-30,CHOKED_PASS_EDGE1,1,CHOKED_PASS,2020-07-30_CHOKED_PASS_EDGE1_1,gillian;krystal,,,,,Raw,,
,CALVERT,HAKAI,MARINEGEO,2020-07-30,CHOKED_PASS_EDGE2,2,CHOKED_PASS,2020-07-30_CHOKED_PASS_EDGE2_2,gillian;krystal,,,,,Raw,,
,CALVERT,HAKAI,MARINEGEO,2020-07-30,CHOKED_PASS_EDGE3,3,CHOKED_PASS,2020-07-30_CHOKED_PASS_EDGE3_3,gillian;krystal,,,,,Raw,,
,CALVERT,HAKAI,MARINEGEO,2020-07-30,CHOKED_PASS_EDGE7,7,CHOKED_PASS,2020-07-30_CHOKED_PASS_EDGE7_7,gillian;krystal,,,,,Raw,,
,CALVERT,HAKAI,MARINEGEO,2020-07-30,CHOKED_PASS_INTERIOR4,4,CHOKED_PASS,2020-07-30_CHOKED_PASS_INTERIOR4_4,gillian;krystal,,,,,Raw,,
,CALVERT,HAKAI,MARINEGEO,2020-07-30,CHOKED_PASS_INTERIOR5,5,CHOKED_PASS,2020-07-30_CHOKED_PASS_INTERIOR5_5,gillian;krystal,,,,,Raw,,
,CALVERT,HAKAI,MARINEGEO,2020-07-30,CHOKED_PASS_INTERIOR6,6,CHOKED_PASS,2020-07-30_CHOKED_PASS_INTERIOR6_6,gillian;krystal,,,,,Raw,,
,CALVERT,HAKAI,MARINEGEO,2020-08-07,PRUTH_BAY_EDGE1,1,PRUTH_BAY,2020-08-07_PRUTH_BAY_EDGE1_1,carolyn;gillian,,,,,Raw,,
,CALVERT,HAKAI,MARINEGEO,2020-08-07,PRUTH_BAY_EDGE2,2,PRUTH_BAY,2020-08-07_PRUTH_BAY_EDGE2_2,carolyn;gillian,,,,,Raw,,
,CALVERT,HAKAI,MARINEGEO,2020-08-07,PRUTH_BAY_EDGE3,3,PRUTH_BAY,2020-08-07_PRUTH_BAY_EDGE3_3,carolyn;gillian,,,,,Raw,,
,CALVERT,HAKAI,MARINEGEO,2020-08-07,PRUTH_BAY_INTERIOR4,4,PRUTH_BAY,2020-08-07_PRUTH_BAY_INTERIOR4_4,carolyn;gillian,,,,,Raw,,
,CALVERT,HAKAI,MARINEGEO,2020-08-07,PRUTH_BAY_INTERIOR5,5,PRUTH_BAY,2020-08-07_PRUTH_BAY_INTERIOR5_5,carolyn;gillian,,,,,Raw,,
,CALVERT,HAKAI,MARINEGEO,2020-08-07,PRUTH_BAY_INTERIOR6,6,PRUTH_BAY,2020-08-07_PRUTH_BAY_INTERIOR6_6,carolyn;gillian,,,,,Raw,,
,CALVERT,HAKAI,MARINEGEO,2020-08-09,TRIQUET_BAY_EDGE1,1,TRIQUET_BAY,2020-08-09_TRIQUET_BAY_EDGE1_1,angeleen;carolyn,,,,,Raw,,
,CALVERT,HAKAI,MARINEGEO,2020-08-09,TRIQUET_BAY_EDGE2,2,TRIQUET_BAY,2020-08-09_TRIQUET_BAY_EDGE2_2,angeleen;carolyn,,,,,Raw,,
,CALVERT,HAKAI,MARINEGEO,2020-08-09,TRIQUET_BAY_EDGE3,3,TRIQUET_BAY,2020-08-09_TRIQUET_BAY_EDGE3_3,angeleen;carolyn,,,,,Raw,,
,CALVERT,HAKAI,MARINEGEO,2020-08-09,TRIQUET_BAY_INTERIOR4,4,TRIQUET_BAY,2020-08-09_TRIQUET_BAY_INTERIOR4_4,angeleen;carolyn,,,,,Raw,,
,CALVERT,HAKAI,MARINEGEO,2020-08-09,TRIQUET_BAY_INTERIOR5,5,TRIQUET_BAY,2020-08-09_TRIQUET_BAY_INTERIOR5_5,angeleen;carolyn,,,,,Raw,,
,CALVERT,HAKAI,MARINEGEO,2020-08-09,TRIQUET_BAY_INTERIOR6,6,TRIQUET_BAY,2020-08-09_TRIQUET_BAY_INTERIOR6_6,angeleen;carolyn,,,,,Raw,,
,CALVERT,HAKAI,MARINEGEO,2020-08-11,GOOSE_SOUTHWEST_EDGE1,1,GOOSE_SOUTHWEST,2020-08-11_GOOSE_SOUTHWEST_EDGE1_1,gillian;krystal,,,,,Raw,,
,CALVERT,HAKAI,MARINEGEO,2020-08-11,GOOSE_SOUTHWEST_EDGE2,2,GOOSE_SOUTHWEST,2020-08-11_GOOSE_SOUTHWEST_EDGE2_2,gillian;krystal,,,,,Raw,,
,CALVERT,HAKAI,MARINEGEO,2020-08-11,GOOSE_SOUTHWEST_EDGE3,3,GOOSE_SOUTHWEST,2020-08-11_GOOSE_SOUTHWEST_EDGE3_3,gillian;krystal,,,,,Raw,,
,CALVERT,HAKAI,MARINEGEO,2020-08-11,GOOSE_SOUTHWEST_INTERIOR4,4,GOOSE_SOUTHWEST,2020-08-11_GOOSE_SOUTHWEST_INTERIOR4_4,gillian;krystal,,,,,Raw,,
,CALVERT,HAKAI,MARINEGEO,2020-08-11,GOOSE_SOUTHWEST_INTERIOR5,5,GOOSE_SOUTHWEST,2020-08-11_GOOSE_SOUTHWEST_INTERIOR5_5,gillian;krystal,,,,,Raw,,
,CALVERT,HAKAI,MARINEGEO,2020-08-11,GOOSE_SOUTHWEST_INTERIOR6,6,GOOSE_SOUTHWEST,2020-08-11_GOOSE_SOUTHWEST_INTERIOR6_6,gillian;krystal,,,,,Raw,,
,CALVERT,HAKAI,MARINEGEO,2020-08-12,MCMULLIN_NORTH_EDGE1,1,MCMULLIN_NORTH,2020-08-12_MCMULLIN_NORTH_EDGE1_1,angeleen;carolyn,,,,,Raw,,
,CALVERT,HAKAI,MARINEGEO,2020-08-12,MCMULLIN_NORTH_EDGE2,2,MCMULLIN_NORTH,2020-08-12_MCMULLIN_NORTH_EDGE2_2,angeleen;carolyn,,,,,Raw,,
,CALVERT,HAKAI,MARINEGEO,2020-08-12,MCMULLIN_NORTH_EDGE3,3,MCMULLIN_NORTH,2020-08-12_MCMULLIN_NORTH_EDGE3_3,angeleen;carolyn,,,,,Raw,,
,CALVERT,HAKAI,MARINEGEO,2020-08-12,MCMULLIN_NORTH_INTERIOR4,4,MCMULLIN_NORTH,2020-08-12_MCMULLIN_NORTH_INTERIOR4_4,angeleen;carolyn,,,,,Raw,,
,CALVERT,HAKAI,MARINEGEO,2020-08-12,MCMULLIN_NORTH_INTERIOR5,5,MCMULLIN_NORTH,2020-08-12_MCMULLIN_NORTH_INTERIOR5_5,angeleen;carolyn,,,,,Raw,,
,CALVERT,HAKAI,MARINEGEO,2020-08-12,MCMULLIN_NORTH_INTERIOR6,6,MCMULLIN_NORTH,2020-08-12_MCMULLIN_NORTH_INTERIOR6_6,angeleen;carolyn,,,,,Raw,,
,CALVERT,HAKAI,MARINEGEO,2020-08-14,KOEYE_ESTUARY_EDGE1,1,KOEYE_ESTUARY,2020-08-14_KOEYE_ESTUARY_EDGE1_1,gillian;krystal,,,,,Raw,,
,CALVERT,HAKAI,MARINEGEO,2020-08-14,KOEYE_ESTUARY_EDGE2,2,KOEYE_ESTUARY,2020-08-14_KOEYE_ESTUARY_EDGE2_2,gillian;krystal,,,,,Raw,,
,CALVERT,HAKAI,MARINEGEO,2020-08-14,KOEYE_ESTUARY_EDGE3,3,KOEYE_ESTUARY,2020-08-14_KOEYE_ESTUARY_EDGE3_3,gillian;krystal,,,,,Raw,,
,CALVERT,HAKAI,MARINEGEO,2020-08-14,KOEYE_ESTUARY_INTERIOR4,4,KOEYE_ESTUARY,2020-08-14_KOEYE_ESTUARY_INTERIOR4_4,gillian;krystal,,,,,Raw,,
,CALVERT,HAKAI,MARINEGEO,2020-08-14,KOEYE_ESTUARY_INTERIOR5,5,KOEYE_ESTUARY,2020-08-14_KOEYE_ESTUARY_INTERIOR5_5,gillian;krystal,,,,,Raw,,
,CALVERT,HAKAI,MARINEGEO,2020-08-14,KOEYE_ESTUARY_INTERIOR6,6,KOEYE_ESTUARY,2020-08-14_KOEYE_ESTUARY_INTERIOR6_6,gillian;krystal,,,,,Raw,,
,CALVERT,HAKAI,MARINEGEO,2021-08-06,CHOKED_PASS_EDGE1,1,CHOKED_PASS,2021-08-06_CHOKED_PASS_EDGE1_1,faye;krystal,,,,,Raw,,
,CALVERT,HAKAI,MARINEGEO,2021-08-06,CHOKED_PASS_EDGE2,2,CHOKED_PASS,2021-08-06_CHOKED_PASS_EDGE2_2,faye;krystal,,,,,Raw,,
,CALVERT,HAKAI,MARINEGEO,2021-08-06,CHOKED_PASS_EDGE3,3,CHOKED_PASS,2021-08-06_CHOKED_PASS_EDGE3_3,faye;krystal,,,,,Raw,,
,CALVERT,HAKAI,MARINEGEO,2021-08-06,CHOKED_PASS_EDGE7,7,CHOKED_PASS,2021-08-06_CHOKED_PASS_EDGE7_7,faye;krystal,,,,,Raw,,
,CALVERT,HAKAI,MARINEGEO,2021-08-06,CHOKED_PASS_INTERIOR4,4,CHOKED_PASS,2021-08-06_CHOKED_PASS_INTERIOR4_4,faye;krystal,,,,,Raw,,
,CALVERT,HAKAI,MARINEGEO,2021-08-06,CHOKED_PASS_INTERIOR5,5,CHOKED_PASS,2021-08-06_CHOKED_PASS_INTERIOR5_5,faye;krystal,,,,,Raw,,
,CALVERT,HAKAI,MARINEGEO,2021-08-06,CHOKED_PASS_INTERIOR6,6,CHOKED_PASS,2021-08-06_CHOKED_PASS_INTERIOR6_6,faye;krystal,,,,,Raw,,
,CALVERT,HAKAI,MARINEGEO,2021-08-06,PRUTH_BAY_EDGE1,1,PRUTH_BAY,2021-08-06_PRUTH_BAY_EDGE1_1,carolyn;faye;krystal,,,,,Raw,,
,CALVERT,HAKAI,MARINEGEO,2021-08-06,PRUTH_BAY_EDGE2,2,PRUTH_BAY,2021-08-06_PRUTH_BAY_EDGE2_2,carolyn;faye;krystal,,,,,Raw,,
,CALVERT,HAKAI,MARINEGEO,2021-08-06,PRUTH_BAY_EDGE3,3,PRUTH_BAY,2021-08-06_PRUTH_BAY_EDGE3_3,carolyn;faye;krystal,,,,,Raw,,
,CALVERT,HAKAI,MARINEGEO,2021-08-06,PRUTH_BAY_INTERIOR4,4,PRUTH_BAY,2021-08-06_PRUTH_BAY_INTERIOR4_4,carolyn;faye;krystal,,,,,Raw,,
,CALVERT,HAKAI,MARINEGEO,2021-08-06,PRUTH_BAY_INTERIOR5,5,PRUTH_BAY,2021-08-06_PRUTH_BAY_INTERIOR5_5,carolyn;faye;krystal,,,,,Raw,,
,CALVERT,HAKAI,MARINEGEO,2021-08-06,PRUTH_BAY_INTERIOR6,6,PRUTH_BAY,2021-08-06_PRUTH_BAY_INTERIOR6_6,carolyn;faye;krystal,,,,,Raw,,
,CALVERT,HAKAI,MARINEGEO,2021-08-07,CHOKED_PASS_EDGE1,1,CHOKED_PASS,2021-08-07_CHOKED_PASS_EDGE1_1,faye;krystal,,,,,Raw,,
,CALVERT,HAKAI,MARINEGEO,2021-08-07,CHOKED_PASS_EDGE2,2,CHOKED_PASS,2021-08-07_CHOKED_PASS_EDGE2_2,faye;krystal,,,,,Raw,,
,CALVERT,HAKAI,MARINEGEO,2021-08-07,CHOKED_PASS_EDGE3,3,CHOKED_PASS,2021-08-07_CHOKED_PASS_EDGE3_3,faye;krystal,,,,,Raw,,
,CALVERT,HAKAI,MARINEGEO,2021-08-07,CHOKED_PASS_EDGE7,7,CHOKED_PASS,2021-08-07_CHOKED_PASS_EDGE7_7,faye;krystal,,,,,Raw,,
,CALVERT,HAKAI,MARINEGEO,2021-08-07,CHOKED_PASS_INTERIOR4,4,CHOKED_PASS,2021-08-07_CHOKED_PASS_INTERIOR4_4,faye;krystal,,,,,Raw,,
,CALVERT,HAKAI,MARINEGEO,2021-08-07,CHOKED_PASS_INTERIOR5,5,CHOKED_PASS,2021-08-07_CHOKED_PASS_INTERIOR5_5,faye;krystal,,,,,Raw,,
,CALVERT,HAKAI,MARINEGEO,2021-08-07,CHOKED_PASS_INTERIOR6,6,CHOKED_PASS,2021-08-07_CHOKED_PASS_INTERIOR6_6,faye;krystal,,,,,Raw,,
,CALVERT,HAKAI,MARINEGEO,2021-08-09,KOEYE_ESTUARY_EDGE1,1,KOEYE_ESTUARY,2021-08-09_KOEYE_ESTUARY_EDGE1_1,carolyn;faye;krystal,,,,,Raw,,
,CALVERT,HAKAI,MARINEGEO,2021-08-09,KOEYE_ESTUARY_EDGE2,2,KOEYE_ESTUARY,2021-08-09_KOEYE_ESTUARY_EDGE2_2,carolyn;faye;krystal,,,,,Raw,,
,CALVERT,HAKAI,MARINEGEO,2021-08-09,KOEYE_ESTUARY_EDGE3,3,KOEYE_ESTUARY,2021-08-09_KOEYE_ESTUARY_EDGE3_3,carolyn;faye;krystal,,,,,Raw,,
,CALVERT,HAKAI,MARINEGEO,2021-08-09,KOEYE_ESTUARY_INTERIOR4,4,KOEYE_ESTUARY,2021-08-09_KOEYE_ESTUARY_INTERIOR4_4,carolyn;faye;krystal,,,,,Raw,,
,CALVERT,HAKAI,MARINEGEO,2021-08-09,KOEYE_ESTUARY_INTERIOR5,5,KOEYE_ESTUARY,2021-08-09_KOEYE_ESTUARY_INTERIOR5_5,carolyn;faye;krystal,,,,,Raw,,
,CALVERT,HAKAI,MARINEGEO,2021-08-09,KOEYE_ESTUARY_INTERIOR6,6,KOEYE_ESTUARY,2021-08-09_KOEYE_ESTUARY_INTERIOR6_6,carolyn;faye;krystal,,,,,Raw,,
,CALVERT,HAKAI,MARINEGEO,2021-08-10,KOEYE_ESTUARY_EDGE1,1,KOEYE_ESTUARY,2021-08-10_KOEYE_ESTUARY_EDGE1_1,carolyn;faye;krystal,,,,,Raw,,
,CALVERT,HAKAI,MARINEGEO,2021-08-10,KOEYE_ESTUARY_INTERIOR4,4,KOEYE_ESTUARY,2021-08-10_KOEYE_ESTUARY_INTERIOR4_4,carolyn;faye;krystal,,,,,Raw,,
,CALVERT,HAKAI,MARINEGEO,2021-08-11,GOOSE_SOUTHWEST_EDGE1,1,GOOSE_SOUTHWEST,2021-08-11_GOOSE_SOUTHWEST_EDGE1_1,carolyn;faye;krystal,,,,,Raw,,
,CALVERT,HAKAI,MARINEGEO,2021-08-11,GOOSE_SOUTHWEST_EDGE2,2,GOOSE_SOUTHWEST,2021-08-11_GOOSE_SOUTHWEST_EDGE2_2,carolyn;faye;krystal,,,,,Raw,,
,CALVERT,HAKAI,MARINEGEO,2021-08-11,GOOSE_SOUTHWEST_EDGE3,3,GOOSE_SOUTHWEST,2021-08-11_GOOSE_SOUTHWEST_EDGE3_3,carolyn;faye;krystal,,,,,Raw,,
,CALVERT,HAKAI,MARINEGEO,2021-08-11,GOOSE_SOUTHWEST_INTERIOR4,4,GOOSE_SOUTHWEST,2021-08-11_GOOSE_SOUTHWEST_INTERIOR4_4,carolyn;faye;krystal,,,,,Raw,,
,CALVERT,HAKAI,MARINEGEO,2021-08-11,GOOSE_SOUTHWEST_INTERIOR5,5,GOOSE_SOUTHWEST,2021-08-11_GOOSE_SOUTHWEST_INTERIOR5_5,carolyn;faye;krystal,,,,,Raw,,
,CALVERT,HAKAI,MARINEGEO,2021-08-11,GOOSE_SOUTHWEST_INTERIOR6,6,GOOSE_SOUTHWEST,2021-08-11_GOOSE_SOUTHWEST_INTERIOR6_6,carolyn;faye;krystal,,,,,Raw,,
,CALVERT,HAKAI,MARINEGEO,2021-08-13,TRIQUET_BAY_EDGE1,1,TRIQUET_BAY,2021-08-13_TRIQUET_BAY_EDGE1_1,carolyn;faye;krystal,,,,,Raw,,
,CALVERT,HAKAI,MARINEGEO,2021-08-13,TRIQUET_BAY_EDGE2,2,TRIQUET_BAY,2021-08-13_TRIQUET_BAY_EDGE2_2,carolyn;faye;krystal,,,,,Raw,,
,CALVERT,HAKAI,MARINEGEO,2021-08-13,TRIQUET_BAY_EDGE3,3,TRIQUET_BAY,2021-08-13_TRIQUET_BAY_EDGE3_3,carolyn;faye;krystal,,,,,Raw,,
,CALVERT,HAKAI,MARINEGEO,2021-08-13,TRIQUET_BAY_INTERIOR4,4,TRIQUET_BAY,2021-08-13_TRIQUET_BAY_INTERIOR4_4,carolyn;faye;krystal,,,,,Raw,,
,CALVERT,HAKAI,MARINEGEO,2021-08-13,TRIQUET_BAY_INTERIOR5,5,TRIQUET_BAY,2021-08-13_TRIQUET_BAY_INTERIOR5_5,carolyn;faye;krystal,,,,,Raw,,
,CALVERT,HAKAI,MARINEGEO,2021-08-13,TRIQUET_BAY_INTERIOR6,6,TRIQUET_BAY,2021-08-13_TRIQUET_BAY_INTERIOR6_6,carolyn;faye;krystal,,,,,Raw,,
,CALVERT,HAKAI,MARINEGEO,2021-08-15,MCMULLIN_NORTH_EDGE1,1,MCMULLIN_NORTH,2021-08-15_MCMULLIN_NORTH_EDGE1_1,faye;krystal,,,,,Raw,,
,CALVERT,HAKAI,MARINEGEO,2021-08-15,MCMULLIN_NORTH_EDGE2,2,MCMULLIN_NORTH,2021-08-15_MCMULLIN_NORTH_EDGE2_2,faye;krystal,,,,,Raw,,
,CALVERT,HAKAI,MARINEGEO,2021-08-15,MCMULLIN_NORTH_EDGE3,3,MCMULLIN_NORTH,2021-08-15_MCMULLIN_NORTH_EDGE3_3,faye;krystal,,,,,Raw,,
,CALVERT,HAKAI,MARINEGEO,2021-08-15,MCMULLIN_NORTH_INTERIOR4,4,MCMULLIN_NORTH,2021-08-15_MCMULLIN_NORTH_INTERIOR4_4,faye;krystal,,,,,Raw,,
,CALVERT,HAKAI,MARINEGEO,2021-08-15,MCMULLIN_NORTH_INTERIOR5,5,MCMULLIN_NORTH,2021-08-15_MCMULLIN_NORTH_INTERIOR5_5,faye;krystal,,,,,Raw,,
,CALVERT,HAKAI,MARINEGEO,2021-08-15,MCMULLIN_NORTH_INTERIOR6,6,MCMULLIN_NORTH,2021-08-15_MCMULLIN_NORTH_INTERIOR6_6,faye;krystal,,,,,Raw,,